Date,Area,Rainfall_mm
17-09-2024,POONDI,2.99
18-09-2024,POONDI,0.53
19-09-2024,POONDI,0.85
20-09-2024,POONDI,0.06
21-09-2024,POONDI,6.51
22-09-2024,POONDI,2.2
23-09-2024,POONDI,5.41
24-09-2024,POONDI,0.62
25-09-2024,POONDI,1.89
26-09-2024,POONDI,2.27
27-09-2024,POONDI,0.76
28-09-2024,POONDI,3.77
29-09-2024,POONDI,5.88
30-09-2024,POONDI,4.32
01-10-2024,POONDI,33.59
02-10-2024,POONDI,8.12
03-10-2024,POONDI,8.27
04-10-2024,POONDI,82.67
05-10-2024,POONDI,0.26
06-10-2024,POONDI,31.47
07-10-2024,POONDI,30.63
08-10-2024,POONDI,24.37
09-10-2024,POONDI,115.4
10-10-2024,POONDI,9.34
11-10-2024,POONDI,10.39
12-10-2024,POONDI,2.06
13-10-2024,POONDI,14.62
14-10-2024,POONDI,7.56
15-10-2024,POONDI,10.52
16-10-2024,POONDI,44.98
17-10-2024,POONDI,68.52
18-10-2024,POONDI,5.14
19-10-2024,POONDI,11.65
20-10-2024,POONDI,66.0
21-10-2024,POONDI,1.6
22-10-2024,POONDI,2.42
23-10-2024,POONDI,4.44
24-10-2024,POONDI,22.61
25-10-2024,POONDI,4.08
26-10-2024,POONDI,86.11
27-10-2024,POONDI,14.8
28-10-2024,POONDI,17.4
29-10-2024,POONDI,7.08
30-10-2024,POONDI,15.92
31-10-2024,POONDI,27.11
01-11-2024,POONDI,34.78
02-11-2024,POONDI,35.05
03-11-2024,POONDI,21.56
04-11-2024,POONDI,58.68
05-11-2024,POONDI,42.51
06-11-2024,POONDI,35.37
07-11-2024,POONDI,1.43
08-11-2024,POONDI,0.17
09-11-2024,POONDI,5.97
10-11-2024,POONDI,27.23
11-11-2024,POONDI,13.24
12-11-2024,POONDI,12.87
13-11-2024,POONDI,53.98
14-11-2024,POONDI,56.48
15-11-2024,POONDI,59.97
16-11-2024,POONDI,9.42
17-11-2024,POONDI,29.36
18-11-2024,POONDI,7.92
19-11-2024,POONDI,5.29
20-11-2024,POONDI,5.1
21-11-2024,POONDI,10.47
22-11-2024,POONDI,14.05
23-11-2024,POONDI,44.44
24-11-2024,POONDI,3.19
25-11-2024,POONDI,33.19
26-11-2024,POONDI,18.95
27-11-2024,POONDI,8.49
28-11-2024,POONDI,16.97
29-11-2024,POONDI,8.91
30-11-2024,POONDI,22.66
01-12-2024,POONDI,14.22
02-12-2024,POONDI,4.49
03-12-2024,POONDI,3.1
04-12-2024,POONDI,19.78
05-12-2024,POONDI,58.18
06-12-2024,POONDI,10.54
07-12-2024,POONDI,33.01
08-12-2024,POONDI,26.87
09-12-2024,POONDI,67.04
10-12-2024,POONDI,43.01
11-12-2024,POONDI,20.9
12-12-2024,POONDI,26.75
13-12-2024,POONDI,57.16
14-12-2024,POONDI,12.75
15-12-2024,POONDI,9.89
16-12-2024,POONDI,0.27
17-12-2024,POONDI,43.8
18-12-2024,POONDI,40.36
19-12-2024,POONDI,2.76
20-12-2024,POONDI,21.5
21-12-2024,POONDI,15.59
22-12-2024,POONDI,3.16
23-12-2024,POONDI,98.52
24-12-2024,POONDI,6.04
25-12-2024,POONDI,1.74
26-12-2024,POONDI,22.59
27-12-2024,POONDI,33.57
28-12-2024,POONDI,0.82
29-12-2024,POONDI,26.88
30-12-2024,POONDI,19.0
31-12-2024,POONDI,2.72
01-01-2025,POONDI,0.38
02-01-2025,POONDI,1.68
03-01-2025,POONDI,0.7
04-01-2025,POONDI,5.57
05-01-2025,POONDI,3.42
06-01-2025,POONDI,8.22
07-01-2025,POONDI,0.6
08-01-2025,POONDI,6.99
09-01-2025,POONDI,1.13
10-01-2025,POONDI,0.85
11-01-2025,POONDI,0.1
12-01-2025,POONDI,0.11
13-01-2025,POONDI,2.36
14-01-2025,POONDI,1.22
15-01-2025,POONDI,0.51
16-01-2025,POONDI,1.9
17-01-2025,POONDI,0.58
18-01-2025,POONDI,1.72
19-01-2025,POONDI,0.89
20-01-2025,POONDI,3.47
21-01-2025,POONDI,3.44
22-01-2025,POONDI,1.3
23-01-2025,POONDI,0.86
24-01-2025,POONDI,0.9
25-01-2025,POONDI,3.28
26-01-2025,POONDI,0.8
27-01-2025,POONDI,0.47
28-01-2025,POONDI,0.18
29-01-2025,POONDI,1.26
30-01-2025,POONDI,1.32
31-01-2025,POONDI,3.68
01-02-2025,POONDI,0.5
02-02-2025,POONDI,0.96
03-02-2025,POONDI,3.3
04-02-2025,POONDI,3.47
05-02-2025,POONDI,0.97
06-02-2025,POONDI,1.23
07-02-2025,POONDI,0.72
08-02-2025,POONDI,5.39
09-02-2025,POONDI,0.25
10-02-2025,POONDI,5.43
11-02-2025,POONDI,2.3
12-02-2025,POONDI,1.52
13-02-2025,POONDI,0.07
14-02-2025,POONDI,1.29
15-02-2025,POONDI,1.05
16-02-2025,POONDI,0.35
17-02-2025,POONDI,2.14
18-02-2025,POONDI,7.09
19-02-2025,POONDI,1.65
20-02-2025,POONDI,2.51
21-02-2025,POONDI,0.14
22-02-2025,POONDI,1.08
23-02-2025,POONDI,0.25
24-02-2025,POONDI,1.9
25-02-2025,POONDI,5.58
26-02-2025,POONDI,2.17
27-02-2025,POONDI,0.16
28-02-2025,POONDI,0.88
01-03-2025,POONDI,1.6
02-03-2025,POONDI,1.03
03-03-2025,POONDI,3.59
04-03-2025,POONDI,3.37
05-03-2025,POONDI,1.89
06-03-2025,POONDI,0.94
07-03-2025,POONDI,0.59
08-03-2025,POONDI,0.22
09-03-2025,POONDI,0.88
10-03-2025,POONDI,1.07
11-03-2025,POONDI,2.25
12-03-2025,POONDI,2.15
13-03-2025,POONDI,0.15
14-03-2025,POONDI,1.01
15-03-2025,POONDI,0.4
16-03-2025,POONDI,0.34
17-03-2025,POONDI,3.51
18-03-2025,POONDI,0.09
19-03-2025,POONDI,1.09
20-03-2025,POONDI,0.37
21-03-2025,POONDI,4.23
22-03-2025,POONDI,1.63
23-03-2025,POONDI,0.53
24-03-2025,POONDI,1.4
25-03-2025,POONDI,2.63
26-03-2025,POONDI,6.35
27-03-2025,POONDI,0.5
28-03-2025,POONDI,4.35
29-03-2025,POONDI,5.45
30-03-2025,POONDI,4.96
31-03-2025,POONDI,2.02
01-04-2025,POONDI,1.99
02-04-2025,POONDI,1.03
03-04-2025,POONDI,2.79
04-04-2025,POONDI,1.52
05-04-2025,POONDI,2.26
06-04-2025,POONDI,1.12
07-04-2025,POONDI,2.63
08-04-2025,POONDI,3.48
09-04-2025,POONDI,0.32
10-04-2025,POONDI,3.58
11-04-2025,POONDI,1.55
12-04-2025,POONDI,3.72
13-04-2025,POONDI,1.13
14-04-2025,POONDI,0.95
15-04-2025,POONDI,4.93
16-04-2025,POONDI,0.58
17-04-2025,POONDI,3.72
18-04-2025,POONDI,1.32
19-04-2025,POONDI,1.44
20-04-2025,POONDI,0.74
21-04-2025,POONDI,1.7
22-04-2025,POONDI,0.79
23-04-2025,POONDI,0.08
24-04-2025,POONDI,0.63
25-04-2025,POONDI,0.01
26-04-2025,POONDI,7.67
27-04-2025,POONDI,6.75
28-04-2025,POONDI,1.01
29-04-2025,POONDI,2.61
30-04-2025,POONDI,0.85
01-05-2025,POONDI,2.22
02-05-2025,POONDI,3.27
03-05-2025,POONDI,5.87
04-05-2025,POONDI,1.02
05-05-2025,POONDI,3.06
06-05-2025,POONDI,0.62
07-05-2025,POONDI,9.28
08-05-2025,POONDI,0.05
09-05-2025,POONDI,1.85
10-05-2025,POONDI,2.15
11-05-2025,POONDI,2.33
12-05-2025,POONDI,0.26
13-05-2025,POONDI,5.58
14-05-2025,POONDI,0.4
15-05-2025,POONDI,1.95
16-05-2025,POONDI,0.5
17-05-2025,POONDI,0.73
18-05-2025,POONDI,1.58
19-05-2025,POONDI,1.08
20-05-2025,POONDI,0.35
21-05-2025,POONDI,0.37
22-05-2025,POONDI,1.08
23-05-2025,POONDI,2.83
24-05-2025,POONDI,4.56
25-05-2025,POONDI,0.18
26-05-2025,POONDI,1.0
27-05-2025,POONDI,0.21
28-05-2025,POONDI,0.03
29-05-2025,POONDI,2.17
30-05-2025,POONDI,1.84
31-05-2025,POONDI,0.36
01-06-2025,POONDI,0.53
02-06-2025,POONDI,0.05
03-06-2025,POONDI,3.6
04-06-2025,POONDI,7.35
05-06-2025,POONDI,0.29
06-06-2025,POONDI,0.53
07-06-2025,POONDI,4.06
08-06-2025,POONDI,5.22
09-06-2025,POONDI,1.09
10-06-2025,POONDI,0.1
11-06-2025,POONDI,0.08
12-06-2025,POONDI,1.71
13-06-2025,POONDI,1.0
14-06-2025,POONDI,0.06
15-06-2025,POONDI,1.75
16-06-2025,POONDI,0.02
17-06-2025,POONDI,3.1
18-06-2025,POONDI,0.73
19-06-2025,POONDI,0.08
20-06-2025,POONDI,1.78
21-06-2025,POONDI,1.01
22-06-2025,POONDI,7.28
23-06-2025,POONDI,1.57
24-06-2025,POONDI,0.64
25-06-2025,POONDI,2.47
26-06-2025,POONDI,0.63
27-06-2025,POONDI,4.69
28-06-2025,POONDI,0.94
29-06-2025,POONDI,1.6
30-06-2025,POONDI,0.1
01-07-2025,POONDI,1.11
02-07-2025,POONDI,3.57
03-07-2025,POONDI,3.28
04-07-2025,POONDI,0.51
05-07-2025,POONDI,0.51
06-07-2025,POONDI,3.4
07-07-2025,POONDI,5.33
08-07-2025,POONDI,0.2
09-07-2025,POONDI,1.2
10-07-2025,POONDI,0.82
11-07-2025,POONDI,4.09
12-07-2025,POONDI,0.17
13-07-2025,POONDI,0.47
14-07-2025,POONDI,2.79
15-07-2025,POONDI,0.11
16-07-2025,POONDI,1.36
17-07-2025,POONDI,1.17
18-07-2025,POONDI,0.81
19-07-2025,POONDI,1.0
20-07-2025,POONDI,1.51
21-07-2025,POONDI,0.35
22-07-2025,POONDI,1.7
23-07-2025,POONDI,3.27
24-07-2025,POONDI,2.86
25-07-2025,POONDI,0.33
26-07-2025,POONDI,0.32
27-07-2025,POONDI,0.62
28-07-2025,POONDI,0.9
29-07-2025,POONDI,1.05
30-07-2025,POONDI,2.28
31-07-2025,POONDI,0.12
01-08-2025,POONDI,0.07
02-08-2025,POONDI,0.99
03-08-2025,POONDI,2.39
04-08-2025,POONDI,0.43
05-08-2025,POONDI,2.05
06-08-2025,POONDI,0.6
07-08-2025,POONDI,4.34
08-08-2025,POONDI,4.52
09-08-2025,POONDI,0.71
10-08-2025,POONDI,0.52
11-08-2025,POONDI,1.06
12-08-2025,POONDI,0.55
13-08-2025,POONDI,2.23
14-08-2025,POONDI,3.5
15-08-2025,POONDI,2.24
16-08-2025,POONDI,3.48
17-08-2025,POONDI,1.01
18-08-2025,POONDI,0.34
19-08-2025,POONDI,2.68
20-08-2025,POONDI,0.89
21-08-2025,POONDI,2.23
22-08-2025,POONDI,0.63
23-08-2025,POONDI,0.17
24-08-2025,POONDI,9.81
25-08-2025,POONDI,0.34
26-08-2025,POONDI,8.92
27-08-2025,POONDI,7.57
28-08-2025,POONDI,3.16
29-08-2025,POONDI,2.15
30-08-2025,POONDI,1.72
31-08-2025,POONDI,4.02
01-09-2025,POONDI,0.68
02-09-2025,POONDI,1.26
03-09-2025,POONDI,1.93
04-09-2025,POONDI,1.06
05-09-2025,POONDI,1.12
06-09-2025,POONDI,0.8
07-09-2025,POONDI,1.66
08-09-2025,POONDI,3.8
09-09-2025,POONDI,0.45
10-09-2025,POONDI,5.45
11-09-2025,POONDI,2.34
12-09-2025,POONDI,3.47
13-09-2025,POONDI,1.62
14-09-2025,POONDI,3.02
15-09-2025,POONDI,0.03
16-09-2025,POONDI,3.41
17-09-2025,POONDI,0.08
18-09-2025,POONDI,4.41
19-09-2025,POONDI,9.65
20-09-2025,POONDI,0.7
21-09-2025,POONDI,0.47
22-09-2025,POONDI,2.9
23-09-2025,POONDI,0.58
24-09-2025,POONDI,4.01
25-09-2025,POONDI,0.22
26-09-2025,POONDI,0.27
27-09-2025,POONDI,7.74
28-09-2025,POONDI,2.24
29-09-2025,POONDI,3.75
30-09-2025,POONDI,0.78
01-10-2025,POONDI,28.21
02-10-2025,POONDI,22.55
03-10-2025,POONDI,23.1
04-10-2025,POONDI,28.68
05-10-2025,POONDI,21.41
06-10-2025,POONDI,14.01
07-10-2025,POONDI,8.07
08-10-2025,POONDI,36.59
09-10-2025,POONDI,6.41
10-10-2025,POONDI,29.47
11-10-2025,POONDI,6.64
12-10-2025,POONDI,24.54
13-10-2025,POONDI,34.37
14-10-2025,POONDI,6.17
15-10-2025,POONDI,1.55
16-10-2025,POONDI,3.51
17-10-2025,POONDI,23.28
18-10-2025,POONDI,47.34
19-10-2025,POONDI,1.15
20-10-2025,POONDI,33.12
21-10-2025,POONDI,10.44
22-10-2025,POONDI,16.28
23-10-2025,POONDI,66.08
24-10-2025,POONDI,10.09
25-10-2025,POONDI,15.65
26-10-2025,POONDI,0.34
27-10-2025,POONDI,2.13
28-10-2025,POONDI,7.48
29-10-2025,POONDI,0.71
30-10-2025,POONDI,24.95
31-10-2025,POONDI,13.9
01-11-2025,POONDI,19.86
02-11-2025,POONDI,4.8
03-11-2025,POONDI,8.77
04-11-2025,POONDI,27.25
05-11-2025,POONDI,84.03
06-11-2025,POONDI,1.29
07-11-2025,POONDI,55.27
08-11-2025,POONDI,21.5
09-11-2025,POONDI,20.75
10-11-2025,POONDI,17.34
11-11-2025,POONDI,1.8
12-11-2025,POONDI,2.35
13-11-2025,POONDI,22.96
14-11-2025,POONDI,10.42
15-11-2025,POONDI,62.3
16-11-2025,POONDI,13.05
17-11-2025,POONDI,3.87
18-11-2025,POONDI,31.36
19-11-2025,POONDI,8.68
20-11-2025,POONDI,18.64
21-11-2025,POONDI,29.92
22-11-2025,POONDI,57.63
23-11-2025,POONDI,39.28
24-11-2025,POONDI,28.2
25-11-2025,POONDI,28.46
26-11-2025,POONDI,72.93
27-11-2025,POONDI,8.77
28-11-2025,POONDI,0.03
29-11-2025,POONDI,7.93
30-11-2025,POONDI,6.14
01-12-2025,POONDI,27.11
02-12-2025,POONDI,25.11
03-12-2025,POONDI,22.5
04-12-2025,POONDI,0.41
05-12-2025,POONDI,32.62
06-12-2025,POONDI,9.77
07-12-2025,POONDI,27.34
08-12-2025,POONDI,20.33
09-12-2025,POONDI,10.49
10-12-2025,POONDI,3.61
11-12-2025,POONDI,2.48
12-12-2025,POONDI,44.52
13-12-2025,POONDI,62.65
14-12-2025,POONDI,26.23
15-12-2025,POONDI,2.73
16-12-2025,POONDI,12.86
17-12-2025,POONDI,32.64
18-12-2025,POONDI,37.83
19-12-2025,POONDI,3.15
20-12-2025,POONDI,0.0
21-12-2025,POONDI,31.13
22-12-2025,POONDI,11.02
23-12-2025,POONDI,7.34
24-12-2025,POONDI,0.32
25-12-2025,POONDI,19.43
26-12-2025,POONDI,47.62
27-12-2025,POONDI,79.03
28-12-2025,POONDI,20.85
29-12-2025,POONDI,18.06
30-12-2025,POONDI,2.22
31-12-2025,POONDI,19.9
01-01-2026,POONDI,0.96
02-01-2026,POONDI,1.87
03-01-2026,POONDI,0.98
04-01-2026,POONDI,0.55
05-01-2026,POONDI,0.2
06-01-2026,POONDI,0.76
07-01-2026,POONDI,0.2
08-01-2026,POONDI,0.39
09-01-2026,POONDI,8.74
10-01-2026,POONDI,1.17
11-01-2026,POONDI,1.52
12-01-2026,POONDI,4.14
13-01-2026,POONDI,10.84
14-01-2026,POONDI,1.75
15-01-2026,POONDI,3.35
16-01-2026,POONDI,0.79
17-01-2026,POONDI,0.73
18-01-2026,POONDI,1.03
19-01-2026,POONDI,2.23
20-01-2026,POONDI,2.29
21-01-2026,POONDI,0.76
22-01-2026,POONDI,0.29
23-01-2026,POONDI,2.0
24-01-2026,POONDI,0.27
25-01-2026,POONDI,1.73
26-01-2026,POONDI,2.36
27-01-2026,POONDI,2.41
28-01-2026,POONDI,2.8
29-01-2026,POONDI,4.12
30-01-2026,POONDI,1.39
31-01-2026,POONDI,2.62
01-02-2026,POONDI,1.93
02-02-2026,POONDI,0.41
03-02-2026,POONDI,0.05
04-02-2026,POONDI,0.67
05-02-2026,POONDI,1.17
06-02-2026,POONDI,1.92
07-02-2026,POONDI,3.79
08-02-2026,POONDI,0.44
09-02-2026,POONDI,0.27
10-02-2026,POONDI,6.62
11-02-2026,POONDI,0.23
12-02-2026,POONDI,1.3
13-02-2026,POONDI,1.76
14-02-2026,POONDI,1.56
15-02-2026,POONDI,0.18
16-02-2026,POONDI,0.12
17-02-2026,POONDI,0.22
18-02-2026,POONDI,1.76
19-02-2026,POONDI,1.57
20-02-2026,POONDI,0.53
21-02-2026,POONDI,2.03
22-02-2026,POONDI,3.43
23-02-2026,POONDI,0.08
24-02-2026,POONDI,1.38
25-02-2026,POONDI,2.34
26-02-2026,POONDI,0.58
27-02-2026,POONDI,0.74
28-02-2026,POONDI,1.9
01-03-2026,POONDI,4.56
02-03-2026,POONDI,3.32
03-03-2026,POONDI,1.75
04-03-2026,POONDI,2.62
05-03-2026,POONDI,0.91
06-03-2026,POONDI,2.05
07-03-2026,POONDI,1.26
08-03-2026,POONDI,0.42
09-03-2026,POONDI,2.42
10-03-2026,POONDI,1.63
11-03-2026,POONDI,0.89
12-03-2026,POONDI,4.85
13-03-2026,POONDI,0.04
14-03-2026,POONDI,0.76
15-03-2026,POONDI,0.12
16-03-2026,POONDI,2.91
17-03-2026,POONDI,2.42
18-03-2026,POONDI,0.8
19-03-2026,POONDI,2.25
20-03-2026,POONDI,1.01
21-03-2026,POONDI,2.82
22-03-2026,POONDI,1.21
23-03-2026,POONDI,1.06
24-03-2026,POONDI,5.46
25-03-2026,POONDI,0.58
26-03-2026,POONDI,0.26
27-03-2026,POONDI,1.76
28-03-2026,POONDI,6.97
29-03-2026,POONDI,0.95
30-03-2026,POONDI,0.13
31-03-2026,POONDI,0.83
01-04-2026,POONDI,1.41
02-04-2026,POONDI,0.35
03-04-2026,POONDI,2.15
04-04-2026,POONDI,12.19
05-04-2026,POONDI,1.2
06-04-2026,POONDI,0.88
07-04-2026,POONDI,1.02
08-04-2026,POONDI,0.24
09-04-2026,POONDI,4.3
10-04-2026,POONDI,1.07
11-04-2026,POONDI,0.98
12-04-2026,POONDI,2.16
13-04-2026,POONDI,1.17
14-04-2026,POONDI,2.09
15-04-2026,POONDI,0.13
16-04-2026,POONDI,3.36
17-04-2026,POONDI,5.64
18-04-2026,POONDI,2.09
19-04-2026,POONDI,6.18
20-04-2026,POONDI,0.33
21-04-2026,POONDI,1.3
22-04-2026,POONDI,1.84
23-04-2026,POONDI,1.74
24-04-2026,POONDI,1.03
25-04-2026,POONDI,0.83
26-04-2026,POONDI,0.27
27-04-2026,POONDI,0.99
28-04-2026,POONDI,0.36
29-04-2026,POONDI,2.65
30-04-2026,POONDI,0.47
01-05-2026,POONDI,0.12
02-05-2026,POONDI,1.61
03-05-2026,POONDI,1.81
04-05-2026,POONDI,4.11
05-05-2026,POONDI,1.72
06-05-2026,POONDI,0.85
07-05-2026,POONDI,3.25
08-05-2026,POONDI,1.55
09-05-2026,POONDI,0.17
10-05-2026,POONDI,1.67
11-05-2026,POONDI,4.77
12-05-2026,POONDI,1.01
13-05-2026,POONDI,0.7
14-05-2026,POONDI,0.31
15-05-2026,POONDI,0.33
16-05-2026,POONDI,1.13
17-05-2026,POONDI,1.81
18-05-2026,POONDI,0.17
19-05-2026,POONDI,5.61
20-05-2026,POONDI,2.81
21-05-2026,POONDI,1.77
22-05-2026,POONDI,3.53
23-05-2026,POONDI,0.17
24-05-2026,POONDI,1.3
25-05-2026,POONDI,1.99
26-05-2026,POONDI,3.53
27-05-2026,POONDI,3.06
28-05-2026,POONDI,0.65
29-05-2026,POONDI,5.66
30-05-2026,POONDI,0.27
31-05-2026,POONDI,4.16
01-06-2026,POONDI,7.08
02-06-2026,POONDI,0.39
03-06-2026,POONDI,2.56
04-06-2026,POONDI,0.08
05-06-2026,POONDI,1.04
06-06-2026,POONDI,1.45
07-06-2026,POONDI,1.74
08-06-2026,POONDI,5.5
09-06-2026,POONDI,2.23
10-06-2026,POONDI,1.31
11-06-2026,POONDI,3.32
12-06-2026,POONDI,6.01
13-06-2026,POONDI,0.04
14-06-2026,POONDI,8.09
15-06-2026,POONDI,0.18
16-06-2026,POONDI,3.37
17-06-2026,POONDI,0.66
18-06-2026,POONDI,0.28
19-06-2026,POONDI,1.16
20-06-2026,POONDI,2.07
21-06-2026,POONDI,0.96
22-06-2026,POONDI,0.11
23-06-2026,POONDI,1.83
24-06-2026,POONDI,4.65
25-06-2026,POONDI,0.97
26-06-2026,POONDI,0.49
27-06-2026,POONDI,1.17
28-06-2026,POONDI,0.1
29-06-2026,POONDI,3.44
30-06-2026,POONDI,3.5
01-07-2026,POONDI,1.77
02-07-2026,POONDI,0.87
03-07-2026,POONDI,3.22
04-07-2026,POONDI,1.62
05-07-2026,POONDI,3.5
06-07-2026,POONDI,2.0
07-07-2026,POONDI,3.07
08-07-2026,POONDI,1.83
09-07-2026,POONDI,1.07
10-07-2026,POONDI,6.34
11-07-2026,POONDI,1.56
12-07-2026,POONDI,1.86
13-07-2026,POONDI,0.5
14-07-2026,POONDI,1.97
15-07-2026,POONDI,1.7
16-07-2026,POONDI,0.41
17-07-2026,POONDI,0.12
18-07-2026,POONDI,1.85
19-07-2026,POONDI,2.89
20-07-2026,POONDI,1.48
21-07-2026,POONDI,0.51
22-07-2026,POONDI,2.2
23-07-2026,POONDI,0.17
24-07-2026,POONDI,1.17
25-07-2026,POONDI,0.36
26-07-2026,POONDI,0.41
27-07-2026,POONDI,0.45
28-07-2026,POONDI,0.98
29-07-2026,POONDI,0.11
30-07-2026,POONDI,1.01
31-07-2026,POONDI,1.43
01-08-2026,POONDI,1.32
02-08-2026,POONDI,0.97
03-08-2026,POONDI,3.65
04-08-2026,POONDI,0.31
05-08-2026,POONDI,1.41
06-08-2026,POONDI,0.13
07-08-2026,POONDI,0.15
08-08-2026,POONDI,1.71
09-08-2026,POONDI,1.67
10-08-2026,POONDI,4.21
11-08-2026,POONDI,1.63
12-08-2026,POONDI,6.43
13-08-2026,POONDI,0.1
14-08-2026,POONDI,0.21
15-08-2026,POONDI,0.09
16-08-2026,POONDI,0.41
17-08-2026,POONDI,1.56
18-08-2026,POONDI,2.07
19-08-2026,POONDI,0.09
20-08-2026,POONDI,5.84
21-08-2026,POONDI,3.69
22-08-2026,POONDI,0.7
23-08-2026,POONDI,0.16
24-08-2026,POONDI,0.37
25-08-2026,POONDI,0.27
26-08-2026,POONDI,0.26
27-08-2026,POONDI,1.46
28-08-2026,POONDI,0.56
29-08-2026,POONDI,0.89
30-08-2026,POONDI,9.11
31-08-2026,POONDI,2.31
01-09-2026,POONDI,5.95
02-09-2026,POONDI,0.31
03-09-2026,POONDI,0.96
04-09-2026,POONDI,1.62
05-09-2026,POONDI,0.16
06-09-2026,POONDI,0.01
07-09-2026,POONDI,2.22
08-09-2026,POONDI,2.05
09-09-2026,POONDI,1.06
10-09-2026,POONDI,1.35
11-09-2026,POONDI,1.07
12-09-2026,POONDI,0.05
13-09-2026,POONDI,0.82
14-09-2026,POONDI,0.39
15-09-2026,POONDI,0.21
16-09-2026,POONDI,6.28
17-09-2024,CHOLAVARAM,1.83
18-09-2024,CHOLAVARAM,2.61
19-09-2024,CHOLAVARAM,0.76
20-09-2024,CHOLAVARAM,1.0
21-09-2024,CHOLAVARAM,0.54
22-09-2024,CHOLAVARAM,0.2
23-09-2024,CHOLAVARAM,0.39
24-09-2024,CHOLAVARAM,3.19
25-09-2024,CHOLAVARAM,2.26
26-09-2024,CHOLAVARAM,1.58
27-09-2024,CHOLAVARAM,1.29
28-09-2024,CHOLAVARAM,5.11
29-09-2024,CHOLAVARAM,0.15
30-09-2024,CHOLAVARAM,0.66
01-10-2024,CHOLAVARAM,10.77
02-10-2024,CHOLAVARAM,38.13
03-10-2024,CHOLAVARAM,122.37
04-10-2024,CHOLAVARAM,6.88
05-10-2024,CHOLAVARAM,51.85
06-10-2024,CHOLAVARAM,44.39
07-10-2024,CHOLAVARAM,6.36
08-10-2024,CHOLAVARAM,12.74
09-10-2024,CHOLAVARAM,13.18
10-10-2024,CHOLAVARAM,95.67
11-10-2024,CHOLAVARAM,4.99
12-10-2024,CHOLAVARAM,40.13
13-10-2024,CHOLAVARAM,10.17
14-10-2024,CHOLAVARAM,32.81
15-10-2024,CHOLAVARAM,13.62
16-10-2024,CHOLAVARAM,21.59
17-10-2024,CHOLAVARAM,44.69
18-10-2024,CHOLAVARAM,40.76
19-10-2024,CHOLAVARAM,50.33
20-10-2024,CHOLAVARAM,1.54
21-10-2024,CHOLAVARAM,29.45
22-10-2024,CHOLAVARAM,3.77
23-10-2024,CHOLAVARAM,13.44
24-10-2024,CHOLAVARAM,19.88
25-10-2024,CHOLAVARAM,12.89
26-10-2024,CHOLAVARAM,18.33
27-10-2024,CHOLAVARAM,141.56
28-10-2024,CHOLAVARAM,3.63
29-10-2024,CHOLAVARAM,28.13
30-10-2024,CHOLAVARAM,12.6
31-10-2024,CHOLAVARAM,3.57
01-11-2024,CHOLAVARAM,4.32
02-11-2024,CHOLAVARAM,74.53
03-11-2024,CHOLAVARAM,52.92
04-11-2024,CHOLAVARAM,59.39
05-11-2024,CHOLAVARAM,119.29
06-11-2024,CHOLAVARAM,5.84
07-11-2024,CHOLAVARAM,10.98
08-11-2024,CHOLAVARAM,27.66
09-11-2024,CHOLAVARAM,16.53
10-11-2024,CHOLAVARAM,13.55
11-11-2024,CHOLAVARAM,11.07
12-11-2024,CHOLAVARAM,22.52
13-11-2024,CHOLAVARAM,21.43
14-11-2024,CHOLAVARAM,4.4
15-11-2024,CHOLAVARAM,15.95
16-11-2024,CHOLAVARAM,20.16
17-11-2024,CHOLAVARAM,21.12
18-11-2024,CHOLAVARAM,5.9
19-11-2024,CHOLAVARAM,33.9
20-11-2024,CHOLAVARAM,0.64
21-11-2024,CHOLAVARAM,10.96
22-11-2024,CHOLAVARAM,37.88
23-11-2024,CHOLAVARAM,20.75
24-11-2024,CHOLAVARAM,7.57
25-11-2024,CHOLAVARAM,29.68
26-11-2024,CHOLAVARAM,20.95
27-11-2024,CHOLAVARAM,39.77
28-11-2024,CHOLAVARAM,33.2
29-11-2024,CHOLAVARAM,23.55
30-11-2024,CHOLAVARAM,16.74
01-12-2024,CHOLAVARAM,3.57
02-12-2024,CHOLAVARAM,7.57
03-12-2024,CHOLAVARAM,13.58
04-12-2024,CHOLAVARAM,22.86
05-12-2024,CHOLAVARAM,18.02
06-12-2024,CHOLAVARAM,8.5
07-12-2024,CHOLAVARAM,0.16
08-12-2024,CHOLAVARAM,17.14
09-12-2024,CHOLAVARAM,8.41
10-12-2024,CHOLAVARAM,33.16
11-12-2024,CHOLAVARAM,0.61
12-12-2024,CHOLAVARAM,21.98
13-12-2024,CHOLAVARAM,70.96
14-12-2024,CHOLAVARAM,4.79
15-12-2024,CHOLAVARAM,15.95
16-12-2024,CHOLAVARAM,2.4
17-12-2024,CHOLAVARAM,24.57
18-12-2024,CHOLAVARAM,19.99
19-12-2024,CHOLAVARAM,13.08
20-12-2024,CHOLAVARAM,18.42
21-12-2024,CHOLAVARAM,56.72
22-12-2024,CHOLAVARAM,5.46
23-12-2024,CHOLAVARAM,0.57
24-12-2024,CHOLAVARAM,49.45
25-12-2024,CHOLAVARAM,21.52
26-12-2024,CHOLAVARAM,55.33
27-12-2024,CHOLAVARAM,22.72
28-12-2024,CHOLAVARAM,41.54
29-12-2024,CHOLAVARAM,14.04
30-12-2024,CHOLAVARAM,34.64
31-12-2024,CHOLAVARAM,61.06
01-01-2025,CHOLAVARAM,1.7
02-01-2025,CHOLAVARAM,0.4
03-01-2025,CHOLAVARAM,0.63
04-01-2025,CHOLAVARAM,0.44
05-01-2025,CHOLAVARAM,0.57
06-01-2025,CHOLAVARAM,0.73
07-01-2025,CHOLAVARAM,1.62
08-01-2025,CHOLAVARAM,1.77
09-01-2025,CHOLAVARAM,1.11
10-01-2025,CHOLAVARAM,1.91
11-01-2025,CHOLAVARAM,0.17
12-01-2025,CHOLAVARAM,0.18
13-01-2025,CHOLAVARAM,0.38
14-01-2025,CHOLAVARAM,1.46
15-01-2025,CHOLAVARAM,0.48
16-01-2025,CHOLAVARAM,0.67
17-01-2025,CHOLAVARAM,1.02
18-01-2025,CHOLAVARAM,3.34
19-01-2025,CHOLAVARAM,0.03
20-01-2025,CHOLAVARAM,2.1
21-01-2025,CHOLAVARAM,2.21
22-01-2025,CHOLAVARAM,3.21
23-01-2025,CHOLAVARAM,5.4
24-01-2025,CHOLAVARAM,0.04
25-01-2025,CHOLAVARAM,0.33
26-01-2025,CHOLAVARAM,4.35
27-01-2025,CHOLAVARAM,1.23
28-01-2025,CHOLAVARAM,1.66
29-01-2025,CHOLAVARAM,2.18
30-01-2025,CHOLAVARAM,2.27
31-01-2025,CHOLAVARAM,5.37
01-02-2025,CHOLAVARAM,11.58
02-02-2025,CHOLAVARAM,2.55
03-02-2025,CHOLAVARAM,0.68
04-02-2025,CHOLAVARAM,4.24
05-02-2025,CHOLAVARAM,0.1
06-02-2025,CHOLAVARAM,0.53
07-02-2025,CHOLAVARAM,4.55
08-02-2025,CHOLAVARAM,0.59
09-02-2025,CHOLAVARAM,0.5
10-02-2025,CHOLAVARAM,0.3
11-02-2025,CHOLAVARAM,3.92
12-02-2025,CHOLAVARAM,1.39
13-02-2025,CHOLAVARAM,2.25
14-02-2025,CHOLAVARAM,0.55
15-02-2025,CHOLAVARAM,2.84
16-02-2025,CHOLAVARAM,2.85
17-02-2025,CHOLAVARAM,0.75
18-02-2025,CHOLAVARAM,1.06
19-02-2025,CHOLAVARAM,0.47
20-02-2025,CHOLAVARAM,7.51
21-02-2025,CHOLAVARAM,2.07
22-02-2025,CHOLAVARAM,5.45
23-02-2025,CHOLAVARAM,0.72
24-02-2025,CHOLAVARAM,3.05
25-02-2025,CHOLAVARAM,2.9
26-02-2025,CHOLAVARAM,2.35
27-02-2025,CHOLAVARAM,6.74
28-02-2025,CHOLAVARAM,1.0
01-03-2025,CHOLAVARAM,0.28
02-03-2025,CHOLAVARAM,2.23
03-03-2025,CHOLAVARAM,2.61
04-03-2025,CHOLAVARAM,1.71
05-03-2025,CHOLAVARAM,0.46
06-03-2025,CHOLAVARAM,1.4
07-03-2025,CHOLAVARAM,0.75
08-03-2025,CHOLAVARAM,1.12
09-03-2025,CHOLAVARAM,2.07
10-03-2025,CHOLAVARAM,2.73
11-03-2025,CHOLAVARAM,0.53
12-03-2025,CHOLAVARAM,1.04
13-03-2025,CHOLAVARAM,0.63
14-03-2025,CHOLAVARAM,0.44
15-03-2025,CHOLAVARAM,3.06
16-03-2025,CHOLAVARAM,4.8
17-03-2025,CHOLAVARAM,0.92
18-03-2025,CHOLAVARAM,2.78
19-03-2025,CHOLAVARAM,4.55
20-03-2025,CHOLAVARAM,3.74
21-03-2025,CHOLAVARAM,0.4
22-03-2025,CHOLAVARAM,6.26
23-03-2025,CHOLAVARAM,0.95
24-03-2025,CHOLAVARAM,0.83
25-03-2025,CHOLAVARAM,0.13
26-03-2025,CHOLAVARAM,1.33
27-03-2025,CHOLAVARAM,0.23
28-03-2025,CHOLAVARAM,0.57
29-03-2025,CHOLAVARAM,0.76
30-03-2025,CHOLAVARAM,3.31
31-03-2025,CHOLAVARAM,4.17
01-04-2025,CHOLAVARAM,0.72
02-04-2025,CHOLAVARAM,3.91
03-04-2025,CHOLAVARAM,3.89
04-04-2025,CHOLAVARAM,2.89
05-04-2025,CHOLAVARAM,0.32
06-04-2025,CHOLAVARAM,2.34
07-04-2025,CHOLAVARAM,5.8
08-04-2025,CHOLAVARAM,2.29
09-04-2025,CHOLAVARAM,0.81
10-04-2025,CHOLAVARAM,1.39
11-04-2025,CHOLAVARAM,2.08
12-04-2025,CHOLAVARAM,1.43
13-04-2025,CHOLAVARAM,0.26
14-04-2025,CHOLAVARAM,0.75
15-04-2025,CHOLAVARAM,3.24
16-04-2025,CHOLAVARAM,3.95
17-04-2025,CHOLAVARAM,0.3
18-04-2025,CHOLAVARAM,6.09
19-04-2025,CHOLAVARAM,0.8
20-04-2025,CHOLAVARAM,2.17
21-04-2025,CHOLAVARAM,2.79
22-04-2025,CHOLAVARAM,3.34
23-04-2025,CHOLAVARAM,5.83
24-04-2025,CHOLAVARAM,0.75
25-04-2025,CHOLAVARAM,3.91
26-04-2025,CHOLAVARAM,0.28
27-04-2025,CHOLAVARAM,2.44
28-04-2025,CHOLAVARAM,2.71
29-04-2025,CHOLAVARAM,2.26
30-04-2025,CHOLAVARAM,0.58
01-05-2025,CHOLAVARAM,4.13
02-05-2025,CHOLAVARAM,0.37
03-05-2025,CHOLAVARAM,0.11
04-05-2025,CHOLAVARAM,2.53
05-05-2025,CHOLAVARAM,1.29
06-05-2025,CHOLAVARAM,3.78
07-05-2025,CHOLAVARAM,0.97
08-05-2025,CHOLAVARAM,0.37
09-05-2025,CHOLAVARAM,3.62
10-05-2025,CHOLAVARAM,1.59
11-05-2025,CHOLAVARAM,0.42
12-05-2025,CHOLAVARAM,2.55
13-05-2025,CHOLAVARAM,1.43
14-05-2025,CHOLAVARAM,1.85
15-05-2025,CHOLAVARAM,1.24
16-05-2025,CHOLAVARAM,3.53
17-05-2025,CHOLAVARAM,3.54
18-05-2025,CHOLAVARAM,2.47
19-05-2025,CHOLAVARAM,0.22
20-05-2025,CHOLAVARAM,3.65
21-05-2025,CHOLAVARAM,2.22
22-05-2025,CHOLAVARAM,2.39
23-05-2025,CHOLAVARAM,0.9
24-05-2025,CHOLAVARAM,4.23
25-05-2025,CHOLAVARAM,2.58
26-05-2025,CHOLAVARAM,0.24
27-05-2025,CHOLAVARAM,1.05
28-05-2025,CHOLAVARAM,4.35
29-05-2025,CHOLAVARAM,0.1
30-05-2025,CHOLAVARAM,6.51
31-05-2025,CHOLAVARAM,2.27
01-06-2025,CHOLAVARAM,2.0
02-06-2025,CHOLAVARAM,0.63
03-06-2025,CHOLAVARAM,0.57
04-06-2025,CHOLAVARAM,5.7
05-06-2025,CHOLAVARAM,0.71
06-06-2025,CHOLAVARAM,2.99
07-06-2025,CHOLAVARAM,1.0
08-06-2025,CHOLAVARAM,0.3
09-06-2025,CHOLAVARAM,0.02
10-06-2025,CHOLAVARAM,1.57
11-06-2025,CHOLAVARAM,7.44
12-06-2025,CHOLAVARAM,0.92
13-06-2025,CHOLAVARAM,0.88
14-06-2025,CHOLAVARAM,0.84
15-06-2025,CHOLAVARAM,1.47
16-06-2025,CHOLAVARAM,1.16
17-06-2025,CHOLAVARAM,4.24
18-06-2025,CHOLAVARAM,1.41
19-06-2025,CHOLAVARAM,1.42
20-06-2025,CHOLAVARAM,0.3
21-06-2025,CHOLAVARAM,8.12
22-06-2025,CHOLAVARAM,0.58
23-06-2025,CHOLAVARAM,0.15
24-06-2025,CHOLAVARAM,2.18
25-06-2025,CHOLAVARAM,1.81
26-06-2025,CHOLAVARAM,1.07
27-06-2025,CHOLAVARAM,1.1
28-06-2025,CHOLAVARAM,3.07
29-06-2025,CHOLAVARAM,0.44
30-06-2025,CHOLAVARAM,3.43
01-07-2025,CHOLAVARAM,2.09
02-07-2025,CHOLAVARAM,1.09
03-07-2025,CHOLAVARAM,1.23
04-07-2025,CHOLAVARAM,0.59
05-07-2025,CHOLAVARAM,2.79
06-07-2025,CHOLAVARAM,1.44
07-07-2025,CHOLAVARAM,0.77
08-07-2025,CHOLAVARAM,1.81
09-07-2025,CHOLAVARAM,10.91
10-07-2025,CHOLAVARAM,1.14
11-07-2025,CHOLAVARAM,5.07
12-07-2025,CHOLAVARAM,0.85
13-07-2025,CHOLAVARAM,0.11
14-07-2025,CHOLAVARAM,0.46
15-07-2025,CHOLAVARAM,1.08
16-07-2025,CHOLAVARAM,0.5
17-07-2025,CHOLAVARAM,0.0
18-07-2025,CHOLAVARAM,4.93
19-07-2025,CHOLAVARAM,3.71
20-07-2025,CHOLAVARAM,2.71
21-07-2025,CHOLAVARAM,0.37
22-07-2025,CHOLAVARAM,0.26
23-07-2025,CHOLAVARAM,0.14
24-07-2025,CHOLAVARAM,2.57
25-07-2025,CHOLAVARAM,5.28
26-07-2025,CHOLAVARAM,1.13
27-07-2025,CHOLAVARAM,0.25
28-07-2025,CHOLAVARAM,1.44
29-07-2025,CHOLAVARAM,0.86
30-07-2025,CHOLAVARAM,0.94
31-07-2025,CHOLAVARAM,1.94
01-08-2025,CHOLAVARAM,2.54
02-08-2025,CHOLAVARAM,0.23
03-08-2025,CHOLAVARAM,0.07
04-08-2025,CHOLAVARAM,10.35
05-08-2025,CHOLAVARAM,0.53
06-08-2025,CHOLAVARAM,0.11
07-08-2025,CHOLAVARAM,0.42
08-08-2025,CHOLAVARAM,0.08
09-08-2025,CHOLAVARAM,0.99
10-08-2025,CHOLAVARAM,3.24
11-08-2025,CHOLAVARAM,0.83
12-08-2025,CHOLAVARAM,1.17
13-08-2025,CHOLAVARAM,2.25
14-08-2025,CHOLAVARAM,1.42
15-08-2025,CHOLAVARAM,3.95
16-08-2025,CHOLAVARAM,4.02
17-08-2025,CHOLAVARAM,0.02
18-08-2025,CHOLAVARAM,3.01
19-08-2025,CHOLAVARAM,1.24
20-08-2025,CHOLAVARAM,8.99
21-08-2025,CHOLAVARAM,1.32
22-08-2025,CHOLAVARAM,8.67
23-08-2025,CHOLAVARAM,2.81
24-08-2025,CHOLAVARAM,0.57
25-08-2025,CHOLAVARAM,1.55
26-08-2025,CHOLAVARAM,9.69
27-08-2025,CHOLAVARAM,3.9
28-08-2025,CHOLAVARAM,0.2
29-08-2025,CHOLAVARAM,2.45
30-08-2025,CHOLAVARAM,0.85
31-08-2025,CHOLAVARAM,0.01
01-09-2025,CHOLAVARAM,1.03
02-09-2025,CHOLAVARAM,0.54
03-09-2025,CHOLAVARAM,3.42
04-09-2025,CHOLAVARAM,0.82
05-09-2025,CHOLAVARAM,3.51
06-09-2025,CHOLAVARAM,0.0
07-09-2025,CHOLAVARAM,0.74
08-09-2025,CHOLAVARAM,0.55
09-09-2025,CHOLAVARAM,0.53
10-09-2025,CHOLAVARAM,0.14
11-09-2025,CHOLAVARAM,0.41
12-09-2025,CHOLAVARAM,1.62
13-09-2025,CHOLAVARAM,0.69
14-09-2025,CHOLAVARAM,1.08
15-09-2025,CHOLAVARAM,0.95
16-09-2025,CHOLAVARAM,4.17
17-09-2025,CHOLAVARAM,4.71
18-09-2025,CHOLAVARAM,1.36
19-09-2025,CHOLAVARAM,0.8
20-09-2025,CHOLAVARAM,0.23
21-09-2025,CHOLAVARAM,6.13
22-09-2025,CHOLAVARAM,0.12
23-09-2025,CHOLAVARAM,0.71
24-09-2025,CHOLAVARAM,0.71
25-09-2025,CHOLAVARAM,0.77
26-09-2025,CHOLAVARAM,0.36
27-09-2025,CHOLAVARAM,3.06
28-09-2025,CHOLAVARAM,0.26
29-09-2025,CHOLAVARAM,2.02
30-09-2025,CHOLAVARAM,0.26
01-10-2025,CHOLAVARAM,1.83
02-10-2025,CHOLAVARAM,60.04
03-10-2025,CHOLAVARAM,5.27
04-10-2025,CHOLAVARAM,43.04
05-10-2025,CHOLAVARAM,19.67
06-10-2025,CHOLAVARAM,2.03
07-10-2025,CHOLAVARAM,77.78
08-10-2025,CHOLAVARAM,7.09
09-10-2025,CHOLAVARAM,49.09
10-10-2025,CHOLAVARAM,4.62
11-10-2025,CHOLAVARAM,48.09
12-10-2025,CHOLAVARAM,0.33
13-10-2025,CHOLAVARAM,17.92
14-10-2025,CHOLAVARAM,36.68
15-10-2025,CHOLAVARAM,68.26
16-10-2025,CHOLAVARAM,59.98
17-10-2025,CHOLAVARAM,42.82
18-10-2025,CHOLAVARAM,54.77
19-10-2025,CHOLAVARAM,5.55
20-10-2025,CHOLAVARAM,8.36
21-10-2025,CHOLAVARAM,8.53
22-10-2025,CHOLAVARAM,11.83
23-10-2025,CHOLAVARAM,12.49
24-10-2025,CHOLAVARAM,19.66
25-10-2025,CHOLAVARAM,4.36
26-10-2025,CHOLAVARAM,29.38
27-10-2025,CHOLAVARAM,4.59
28-10-2025,CHOLAVARAM,9.29
29-10-2025,CHOLAVARAM,17.5
30-10-2025,CHOLAVARAM,39.79
31-10-2025,CHOLAVARAM,33.63
01-11-2025,CHOLAVARAM,25.93
02-11-2025,CHOLAVARAM,4.23
03-11-2025,CHOLAVARAM,19.8
04-11-2025,CHOLAVARAM,2.29
05-11-2025,CHOLAVARAM,11.84
06-11-2025,CHOLAVARAM,13.34
07-11-2025,CHOLAVARAM,1.02
08-11-2025,CHOLAVARAM,8.0
09-11-2025,CHOLAVARAM,77.89
10-11-2025,CHOLAVARAM,76.78
11-11-2025,CHOLAVARAM,10.86
12-11-2025,CHOLAVARAM,1.1
13-11-2025,CHOLAVARAM,4.93
14-11-2025,CHOLAVARAM,12.45
15-11-2025,CHOLAVARAM,73.81
16-11-2025,CHOLAVARAM,3.81
17-11-2025,CHOLAVARAM,36.05
18-11-2025,CHOLAVARAM,2.88
19-11-2025,CHOLAVARAM,99.42
20-11-2025,CHOLAVARAM,12.02
21-11-2025,CHOLAVARAM,37.32
22-11-2025,CHOLAVARAM,10.49
23-11-2025,CHOLAVARAM,24.7
24-11-2025,CHOLAVARAM,5.33
25-11-2025,CHOLAVARAM,3.95
26-11-2025,CHOLAVARAM,69.54
27-11-2025,CHOLAVARAM,62.42
28-11-2025,CHOLAVARAM,54.61
29-11-2025,CHOLAVARAM,24.55
30-11-2025,CHOLAVARAM,41.29
01-12-2025,CHOLAVARAM,1.79
02-12-2025,CHOLAVARAM,10.19
03-12-2025,CHOLAVARAM,9.41
04-12-2025,CHOLAVARAM,25.24
05-12-2025,CHOLAVARAM,11.0
06-12-2025,CHOLAVARAM,4.02
07-12-2025,CHOLAVARAM,22.69
08-12-2025,CHOLAVARAM,42.1
09-12-2025,CHOLAVARAM,12.04
10-12-2025,CHOLAVARAM,3.55
11-12-2025,CHOLAVARAM,5.48
12-12-2025,CHOLAVARAM,6.78
13-12-2025,CHOLAVARAM,8.91
14-12-2025,CHOLAVARAM,25.74
15-12-2025,CHOLAVARAM,22.97
16-12-2025,CHOLAVARAM,29.77
17-12-2025,CHOLAVARAM,11.26
18-12-2025,CHOLAVARAM,43.43
19-12-2025,CHOLAVARAM,5.71
20-12-2025,CHOLAVARAM,15.83
21-12-2025,CHOLAVARAM,40.35
22-12-2025,CHOLAVARAM,4.97
23-12-2025,CHOLAVARAM,2.91
24-12-2025,CHOLAVARAM,53.79
25-12-2025,CHOLAVARAM,10.5
26-12-2025,CHOLAVARAM,28.79
27-12-2025,CHOLAVARAM,0.64
28-12-2025,CHOLAVARAM,29.28
29-12-2025,CHOLAVARAM,9.5
30-12-2025,CHOLAVARAM,1.43
31-12-2025,CHOLAVARAM,23.53
01-01-2026,CHOLAVARAM,0.55
02-01-2026,CHOLAVARAM,0.98
03-01-2026,CHOLAVARAM,0.17
04-01-2026,CHOLAVARAM,0.32
05-01-2026,CHOLAVARAM,0.71
06-01-2026,CHOLAVARAM,0.19
07-01-2026,CHOLAVARAM,4.83
08-01-2026,CHOLAVARAM,0.01
09-01-2026,CHOLAVARAM,1.32
10-01-2026,CHOLAVARAM,0.26
11-01-2026,CHOLAVARAM,0.74
12-01-2026,CHOLAVARAM,5.21
13-01-2026,CHOLAVARAM,0.35
14-01-2026,CHOLAVARAM,6.75
15-01-2026,CHOLAVARAM,0.46
16-01-2026,CHOLAVARAM,2.71
17-01-2026,CHOLAVARAM,1.58
18-01-2026,CHOLAVARAM,4.32
19-01-2026,CHOLAVARAM,1.61
20-01-2026,CHOLAVARAM,1.53
21-01-2026,CHOLAVARAM,0.43
22-01-2026,CHOLAVARAM,0.36
23-01-2026,CHOLAVARAM,4.97
24-01-2026,CHOLAVARAM,0.79
25-01-2026,CHOLAVARAM,0.93
26-01-2026,CHOLAVARAM,2.85
27-01-2026,CHOLAVARAM,0.83
28-01-2026,CHOLAVARAM,6.08
29-01-2026,CHOLAVARAM,2.68
30-01-2026,CHOLAVARAM,1.82
31-01-2026,CHOLAVARAM,4.26
01-02-2026,CHOLAVARAM,0.1
02-02-2026,CHOLAVARAM,0.59
03-02-2026,CHOLAVARAM,1.25
04-02-2026,CHOLAVARAM,0.51
05-02-2026,CHOLAVARAM,2.72
06-02-2026,CHOLAVARAM,5.03
07-02-2026,CHOLAVARAM,1.1
08-02-2026,CHOLAVARAM,0.84
09-02-2026,CHOLAVARAM,6.52
10-02-2026,CHOLAVARAM,1.18
11-02-2026,CHOLAVARAM,1.34
12-02-2026,CHOLAVARAM,0.87
13-02-2026,CHOLAVARAM,4.81
14-02-2026,CHOLAVARAM,1.68
15-02-2026,CHOLAVARAM,2.87
16-02-2026,CHOLAVARAM,3.34
17-02-2026,CHOLAVARAM,0.84
18-02-2026,CHOLAVARAM,1.14
19-02-2026,CHOLAVARAM,3.77
20-02-2026,CHOLAVARAM,0.9
21-02-2026,CHOLAVARAM,3.16
22-02-2026,CHOLAVARAM,5.66
23-02-2026,CHOLAVARAM,1.95
24-02-2026,CHOLAVARAM,2.71
25-02-2026,CHOLAVARAM,3.27
26-02-2026,CHOLAVARAM,3.73
27-02-2026,CHOLAVARAM,1.01
28-02-2026,CHOLAVARAM,0.11
01-03-2026,CHOLAVARAM,1.03
02-03-2026,CHOLAVARAM,2.24
03-03-2026,CHOLAVARAM,1.2
04-03-2026,CHOLAVARAM,2.76
05-03-2026,CHOLAVARAM,0.88
06-03-2026,CHOLAVARAM,2.01
07-03-2026,CHOLAVARAM,0.41
08-03-2026,CHOLAVARAM,2.77
09-03-2026,CHOLAVARAM,1.58
10-03-2026,CHOLAVARAM,0.46
11-03-2026,CHOLAVARAM,0.69
12-03-2026,CHOLAVARAM,2.76
13-03-2026,CHOLAVARAM,1.32
14-03-2026,CHOLAVARAM,0.49
15-03-2026,CHOLAVARAM,6.84
16-03-2026,CHOLAVARAM,2.51
17-03-2026,CHOLAVARAM,6.3
18-03-2026,CHOLAVARAM,1.11
19-03-2026,CHOLAVARAM,1.29
20-03-2026,CHOLAVARAM,4.56
21-03-2026,CHOLAVARAM,1.49
22-03-2026,CHOLAVARAM,2.46
23-03-2026,CHOLAVARAM,0.58
24-03-2026,CHOLAVARAM,1.18
25-03-2026,CHOLAVARAM,0.26
26-03-2026,CHOLAVARAM,0.46
27-03-2026,CHOLAVARAM,0.0
28-03-2026,CHOLAVARAM,0.08
29-03-2026,CHOLAVARAM,7.57
30-03-2026,CHOLAVARAM,0.56
31-03-2026,CHOLAVARAM,2.18
01-04-2026,CHOLAVARAM,3.65
02-04-2026,CHOLAVARAM,1.6
03-04-2026,CHOLAVARAM,0.33
04-04-2026,CHOLAVARAM,2.6
05-04-2026,CHOLAVARAM,1.83
06-04-2026,CHOLAVARAM,2.63
07-04-2026,CHOLAVARAM,2.94
08-04-2026,CHOLAVARAM,7.41
09-04-2026,CHOLAVARAM,1.7
10-04-2026,CHOLAVARAM,0.84
11-04-2026,CHOLAVARAM,2.09
12-04-2026,CHOLAVARAM,0.14
13-04-2026,CHOLAVARAM,4.55
14-04-2026,CHOLAVARAM,0.25
15-04-2026,CHOLAVARAM,0.79
16-04-2026,CHOLAVARAM,3.38
17-04-2026,CHOLAVARAM,1.82
18-04-2026,CHOLAVARAM,1.0
19-04-2026,CHOLAVARAM,1.28
20-04-2026,CHOLAVARAM,3.86
21-04-2026,CHOLAVARAM,0.83
22-04-2026,CHOLAVARAM,4.08
23-04-2026,CHOLAVARAM,0.18
24-04-2026,CHOLAVARAM,3.0
25-04-2026,CHOLAVARAM,3.76
26-04-2026,CHOLAVARAM,0.4
27-04-2026,CHOLAVARAM,1.13
28-04-2026,CHOLAVARAM,0.36
29-04-2026,CHOLAVARAM,2.45
30-04-2026,CHOLAVARAM,1.53
01-05-2026,CHOLAVARAM,2.02
02-05-2026,CHOLAVARAM,0.44
03-05-2026,CHOLAVARAM,0.48
04-05-2026,CHOLAVARAM,0.08
05-05-2026,CHOLAVARAM,0.78
06-05-2026,CHOLAVARAM,1.64
07-05-2026,CHOLAVARAM,3.9
08-05-2026,CHOLAVARAM,2.2
09-05-2026,CHOLAVARAM,1.14
10-05-2026,CHOLAVARAM,6.12
11-05-2026,CHOLAVARAM,2.54
12-05-2026,CHOLAVARAM,5.32
13-05-2026,CHOLAVARAM,1.5
14-05-2026,CHOLAVARAM,0.6
15-05-2026,CHOLAVARAM,0.11
16-05-2026,CHOLAVARAM,2.59
17-05-2026,CHOLAVARAM,0.26
18-05-2026,CHOLAVARAM,0.72
19-05-2026,CHOLAVARAM,1.52
20-05-2026,CHOLAVARAM,1.66
21-05-2026,CHOLAVARAM,1.84
22-05-2026,CHOLAVARAM,0.36
23-05-2026,CHOLAVARAM,0.96
24-05-2026,CHOLAVARAM,1.92
25-05-2026,CHOLAVARAM,7.0
26-05-2026,CHOLAVARAM,2.6
27-05-2026,CHOLAVARAM,5.12
28-05-2026,CHOLAVARAM,2.87
29-05-2026,CHOLAVARAM,1.79
30-05-2026,CHOLAVARAM,0.43
31-05-2026,CHOLAVARAM,2.2
01-06-2026,CHOLAVARAM,1.95
02-06-2026,CHOLAVARAM,1.84
03-06-2026,CHOLAVARAM,1.35
04-06-2026,CHOLAVARAM,1.5
05-06-2026,CHOLAVARAM,0.81
06-06-2026,CHOLAVARAM,1.47
07-06-2026,CHOLAVARAM,0.44
08-06-2026,CHOLAVARAM,3.27
09-06-2026,CHOLAVARAM,0.41
10-06-2026,CHOLAVARAM,0.18
11-06-2026,CHOLAVARAM,1.15
12-06-2026,CHOLAVARAM,2.15
13-06-2026,CHOLAVARAM,1.15
14-06-2026,CHOLAVARAM,0.65
15-06-2026,CHOLAVARAM,1.63
16-06-2026,CHOLAVARAM,0.85
17-06-2026,CHOLAVARAM,5.4
18-06-2026,CHOLAVARAM,5.12
19-06-2026,CHOLAVARAM,1.4
20-06-2026,CHOLAVARAM,0.79
21-06-2026,CHOLAVARAM,2.67
22-06-2026,CHOLAVARAM,0.07
23-06-2026,CHOLAVARAM,1.29
24-06-2026,CHOLAVARAM,0.82
25-06-2026,CHOLAVARAM,5.06
26-06-2026,CHOLAVARAM,0.02
27-06-2026,CHOLAVARAM,1.61
28-06-2026,CHOLAVARAM,2.7
29-06-2026,CHOLAVARAM,1.33
30-06-2026,CHOLAVARAM,0.18
01-07-2026,CHOLAVARAM,7.18
02-07-2026,CHOLAVARAM,1.46
03-07-2026,CHOLAVARAM,1.9
04-07-2026,CHOLAVARAM,0.54
05-07-2026,CHOLAVARAM,1.32
06-07-2026,CHOLAVARAM,1.12
07-07-2026,CHOLAVARAM,0.16
08-07-2026,CHOLAVARAM,0.22
09-07-2026,CHOLAVARAM,3.63
10-07-2026,CHOLAVARAM,0.55
11-07-2026,CHOLAVARAM,0.43
12-07-2026,CHOLAVARAM,1.41
13-07-2026,CHOLAVARAM,2.93
14-07-2026,CHOLAVARAM,0.13
15-07-2026,CHOLAVARAM,1.72
16-07-2026,CHOLAVARAM,0.25
17-07-2026,CHOLAVARAM,0.07
18-07-2026,CHOLAVARAM,0.11
19-07-2026,CHOLAVARAM,3.59
20-07-2026,CHOLAVARAM,0.25
21-07-2026,CHOLAVARAM,0.09
22-07-2026,CHOLAVARAM,1.15
23-07-2026,CHOLAVARAM,3.72
24-07-2026,CHOLAVARAM,0.61
25-07-2026,CHOLAVARAM,1.1
26-07-2026,CHOLAVARAM,0.08
27-07-2026,CHOLAVARAM,1.19
28-07-2026,CHOLAVARAM,1.72
29-07-2026,CHOLAVARAM,1.69
30-07-2026,CHOLAVARAM,0.81
31-07-2026,CHOLAVARAM,0.76
01-08-2026,CHOLAVARAM,0.23
02-08-2026,CHOLAVARAM,0.91
03-08-2026,CHOLAVARAM,0.21
04-08-2026,CHOLAVARAM,2.91
05-08-2026,CHOLAVARAM,6.78
06-08-2026,CHOLAVARAM,7.02
07-08-2026,CHOLAVARAM,4.01
08-08-2026,CHOLAVARAM,1.84
09-08-2026,CHOLAVARAM,2.41
10-08-2026,CHOLAVARAM,0.67
11-08-2026,CHOLAVARAM,1.99
12-08-2026,CHOLAVARAM,1.22
13-08-2026,CHOLAVARAM,1.32
14-08-2026,CHOLAVARAM,2.84
15-08-2026,CHOLAVARAM,0.66
16-08-2026,CHOLAVARAM,0.77
17-08-2026,CHOLAVARAM,5.17
18-08-2026,CHOLAVARAM,0.12
19-08-2026,CHOLAVARAM,1.33
20-08-2026,CHOLAVARAM,4.88
21-08-2026,CHOLAVARAM,1.89
22-08-2026,CHOLAVARAM,1.58
23-08-2026,CHOLAVARAM,0.57
24-08-2026,CHOLAVARAM,0.84
25-08-2026,CHOLAVARAM,3.82
26-08-2026,CHOLAVARAM,1.64
27-08-2026,CHOLAVARAM,1.45
28-08-2026,CHOLAVARAM,0.21
29-08-2026,CHOLAVARAM,0.03
30-08-2026,CHOLAVARAM,6.63
31-08-2026,CHOLAVARAM,0.95
01-09-2026,CHOLAVARAM,1.85
02-09-2026,CHOLAVARAM,0.17
03-09-2026,CHOLAVARAM,2.3
04-09-2026,CHOLAVARAM,5.39
05-09-2026,CHOLAVARAM,1.71
06-09-2026,CHOLAVARAM,0.27
07-09-2026,CHOLAVARAM,1.74
08-09-2026,CHOLAVARAM,2.91
09-09-2026,CHOLAVARAM,1.04
10-09-2026,CHOLAVARAM,4.24
11-09-2026,CHOLAVARAM,2.09
12-09-2026,CHOLAVARAM,4.59
13-09-2026,CHOLAVARAM,1.95
14-09-2026,CHOLAVARAM,0.28
15-09-2026,CHOLAVARAM,0.74
16-09-2026,CHOLAVARAM,0.45
17-09-2024,REDHILLS,4.79
18-09-2024,REDHILLS,2.86
19-09-2024,REDHILLS,2.26
20-09-2024,REDHILLS,0.72
21-09-2024,REDHILLS,0.41
22-09-2024,REDHILLS,2.82
23-09-2024,REDHILLS,1.29
24-09-2024,REDHILLS,0.51
25-09-2024,REDHILLS,1.92
26-09-2024,REDHILLS,0.08
27-09-2024,REDHILLS,0.79
28-09-2024,REDHILLS,1.26
29-09-2024,REDHILLS,0.32
30-09-2024,REDHILLS,8.35
01-10-2024,REDHILLS,5.86
02-10-2024,REDHILLS,3.49
03-10-2024,REDHILLS,5.69
04-10-2024,REDHILLS,36.64
05-10-2024,REDHILLS,13.86
06-10-2024,REDHILLS,20.83
07-10-2024,REDHILLS,0.53
08-10-2024,REDHILLS,0.88
09-10-2024,REDHILLS,14.76
10-10-2024,REDHILLS,42.41
11-10-2024,REDHILLS,54.12
12-10-2024,REDHILLS,2.27
13-10-2024,REDHILLS,19.32
14-10-2024,REDHILLS,61.11
15-10-2024,REDHILLS,12.27
16-10-2024,REDHILLS,44.24
17-10-2024,REDHILLS,3.59
18-10-2024,REDHILLS,68.49
19-10-2024,REDHILLS,34.8
20-10-2024,REDHILLS,70.9
21-10-2024,REDHILLS,28.22
22-10-2024,REDHILLS,11.29
23-10-2024,REDHILLS,69.59
24-10-2024,REDHILLS,8.06
25-10-2024,REDHILLS,10.09
26-10-2024,REDHILLS,30.17
27-10-2024,REDHILLS,36.24
28-10-2024,REDHILLS,66.27
29-10-2024,REDHILLS,5.73
30-10-2024,REDHILLS,39.99
31-10-2024,REDHILLS,33.54
01-11-2024,REDHILLS,1.65
02-11-2024,REDHILLS,12.24
03-11-2024,REDHILLS,8.31
04-11-2024,REDHILLS,9.08
05-11-2024,REDHILLS,101.79
06-11-2024,REDHILLS,25.73
07-11-2024,REDHILLS,31.62
08-11-2024,REDHILLS,93.89
09-11-2024,REDHILLS,11.84
10-11-2024,REDHILLS,40.47
11-11-2024,REDHILLS,14.25
12-11-2024,REDHILLS,50.92
13-11-2024,REDHILLS,4.98
14-11-2024,REDHILLS,73.76
15-11-2024,REDHILLS,6.17
16-11-2024,REDHILLS,9.87
17-11-2024,REDHILLS,35.28
18-11-2024,REDHILLS,12.51
19-11-2024,REDHILLS,23.43
20-11-2024,REDHILLS,14.7
21-11-2024,REDHILLS,33.91
22-11-2024,REDHILLS,6.48
23-11-2024,REDHILLS,1.51
24-11-2024,REDHILLS,8.91
25-11-2024,REDHILLS,16.08
26-11-2024,REDHILLS,4.6
27-11-2024,REDHILLS,10.95
28-11-2024,REDHILLS,12.77
29-11-2024,REDHILLS,1.48
30-11-2024,REDHILLS,21.89
01-12-2024,REDHILLS,53.93
02-12-2024,REDHILLS,4.11
03-12-2024,REDHILLS,22.77
04-12-2024,REDHILLS,27.32
05-12-2024,REDHILLS,13.59
06-12-2024,REDHILLS,30.19
07-12-2024,REDHILLS,13.22
08-12-2024,REDHILLS,17.56
09-12-2024,REDHILLS,0.18
10-12-2024,REDHILLS,29.42
11-12-2024,REDHILLS,27.07
12-12-2024,REDHILLS,0.98
13-12-2024,REDHILLS,11.48
14-12-2024,REDHILLS,96.62
15-12-2024,REDHILLS,13.65
16-12-2024,REDHILLS,17.43
17-12-2024,REDHILLS,60.18
18-12-2024,REDHILLS,31.58
19-12-2024,REDHILLS,21.81
20-12-2024,REDHILLS,39.96
21-12-2024,REDHILLS,49.94
22-12-2024,REDHILLS,15.26
23-12-2024,REDHILLS,16.11
24-12-2024,REDHILLS,12.2
25-12-2024,REDHILLS,85.06
26-12-2024,REDHILLS,29.86
27-12-2024,REDHILLS,2.17
28-12-2024,REDHILLS,49.69
29-12-2024,REDHILLS,16.38
30-12-2024,REDHILLS,1.78
31-12-2024,REDHILLS,19.95
01-01-2025,REDHILLS,1.08
02-01-2025,REDHILLS,4.2
03-01-2025,REDHILLS,0.46
04-01-2025,REDHILLS,3.5
05-01-2025,REDHILLS,1.63
06-01-2025,REDHILLS,0.11
07-01-2025,REDHILLS,7.14
08-01-2025,REDHILLS,1.44
09-01-2025,REDHILLS,0.69
10-01-2025,REDHILLS,1.27
11-01-2025,REDHILLS,3.9
12-01-2025,REDHILLS,0.73
13-01-2025,REDHILLS,0.43
14-01-2025,REDHILLS,0.28
15-01-2025,REDHILLS,0.71
16-01-2025,REDHILLS,3.03
17-01-2025,REDHILLS,1.28
18-01-2025,REDHILLS,0.52
19-01-2025,REDHILLS,0.36
20-01-2025,REDHILLS,0.81
21-01-2025,REDHILLS,5.62
22-01-2025,REDHILLS,0.84
23-01-2025,REDHILLS,8.87
24-01-2025,REDHILLS,1.33
25-01-2025,REDHILLS,0.39
26-01-2025,REDHILLS,4.44
27-01-2025,REDHILLS,1.23
28-01-2025,REDHILLS,2.47
29-01-2025,REDHILLS,8.23
30-01-2025,REDHILLS,0.1
31-01-2025,REDHILLS,0.2
01-02-2025,REDHILLS,2.55
02-02-2025,REDHILLS,0.66
03-02-2025,REDHILLS,0.41
04-02-2025,REDHILLS,0.08
05-02-2025,REDHILLS,0.04
06-02-2025,REDHILLS,2.98
07-02-2025,REDHILLS,0.29
08-02-2025,REDHILLS,1.26
09-02-2025,REDHILLS,1.86
10-02-2025,REDHILLS,1.12
11-02-2025,REDHILLS,0.05
12-02-2025,REDHILLS,3.06
13-02-2025,REDHILLS,0.02
14-02-2025,REDHILLS,2.87
15-02-2025,REDHILLS,4.48
16-02-2025,REDHILLS,1.13
17-02-2025,REDHILLS,1.53
18-02-2025,REDHILLS,1.3
19-02-2025,REDHILLS,0.99
20-02-2025,REDHILLS,4.37
21-02-2025,REDHILLS,4.49
22-02-2025,REDHILLS,0.82
23-02-2025,REDHILLS,1.91
24-02-2025,REDHILLS,5.23
25-02-2025,REDHILLS,6.54
26-02-2025,REDHILLS,1.42
27-02-2025,REDHILLS,1.21
28-02-2025,REDHILLS,0.65
01-03-2025,REDHILLS,6.38
02-03-2025,REDHILLS,0.31
03-03-2025,REDHILLS,1.73
04-03-2025,REDHILLS,0.66
05-03-2025,REDHILLS,0.65
06-03-2025,REDHILLS,1.04
07-03-2025,REDHILLS,13.44
08-03-2025,REDHILLS,0.11
09-03-2025,REDHILLS,1.73
10-03-2025,REDHILLS,0.17
11-03-2025,REDHILLS,0.34
12-03-2025,REDHILLS,1.16
13-03-2025,REDHILLS,1.43
14-03-2025,REDHILLS,0.6
15-03-2025,REDHILLS,0.76
16-03-2025,REDHILLS,0.18
17-03-2025,REDHILLS,0.72
18-03-2025,REDHILLS,6.8
19-03-2025,REDHILLS,5.79
20-03-2025,REDHILLS,0.82
21-03-2025,REDHILLS,1.69
22-03-2025,REDHILLS,4.81
23-03-2025,REDHILLS,0.01
24-03-2025,REDHILLS,3.33
25-03-2025,REDHILLS,5.93
26-03-2025,REDHILLS,0.19
27-03-2025,REDHILLS,0.35
28-03-2025,REDHILLS,6.48
29-03-2025,REDHILLS,1.54
30-03-2025,REDHILLS,0.03
31-03-2025,REDHILLS,0.6
01-04-2025,REDHILLS,1.2
02-04-2025,REDHILLS,2.36
03-04-2025,REDHILLS,2.64
04-04-2025,REDHILLS,10.77
05-04-2025,REDHILLS,0.68
06-04-2025,REDHILLS,1.55
07-04-2025,REDHILLS,1.52
08-04-2025,REDHILLS,1.04
09-04-2025,REDHILLS,0.37
10-04-2025,REDHILLS,7.58
11-04-2025,REDHILLS,3.84
12-04-2025,REDHILLS,1.38
13-04-2025,REDHILLS,1.85
14-04-2025,REDHILLS,0.52
15-04-2025,REDHILLS,1.57
16-04-2025,REDHILLS,2.37
17-04-2025,REDHILLS,1.45
18-04-2025,REDHILLS,9.27
19-04-2025,REDHILLS,1.89
20-04-2025,REDHILLS,0.93
21-04-2025,REDHILLS,2.96
22-04-2025,REDHILLS,0.37
23-04-2025,REDHILLS,0.97
24-04-2025,REDHILLS,0.85
25-04-2025,REDHILLS,1.13
26-04-2025,REDHILLS,3.04
27-04-2025,REDHILLS,1.32
28-04-2025,REDHILLS,3.16
29-04-2025,REDHILLS,1.72
30-04-2025,REDHILLS,0.84
01-05-2025,REDHILLS,3.32
02-05-2025,REDHILLS,0.54
03-05-2025,REDHILLS,0.51
04-05-2025,REDHILLS,1.4
05-05-2025,REDHILLS,0.6
06-05-2025,REDHILLS,0.02
07-05-2025,REDHILLS,2.09
08-05-2025,REDHILLS,1.43
09-05-2025,REDHILLS,1.18
10-05-2025,REDHILLS,6.82
11-05-2025,REDHILLS,1.69
12-05-2025,REDHILLS,3.98
13-05-2025,REDHILLS,0.3
14-05-2025,REDHILLS,1.68
15-05-2025,REDHILLS,4.05
16-05-2025,REDHILLS,1.75
17-05-2025,REDHILLS,2.53
18-05-2025,REDHILLS,0.93
19-05-2025,REDHILLS,0.19
20-05-2025,REDHILLS,1.22
21-05-2025,REDHILLS,1.0
22-05-2025,REDHILLS,4.04
23-05-2025,REDHILLS,0.56
24-05-2025,REDHILLS,6.81
25-05-2025,REDHILLS,6.35
26-05-2025,REDHILLS,0.57
27-05-2025,REDHILLS,0.86
28-05-2025,REDHILLS,4.52
29-05-2025,REDHILLS,6.8
30-05-2025,REDHILLS,1.17
31-05-2025,REDHILLS,0.77
01-06-2025,REDHILLS,1.49
02-06-2025,REDHILLS,2.33
03-06-2025,REDHILLS,0.64
04-06-2025,REDHILLS,2.67
05-06-2025,REDHILLS,0.11
06-06-2025,REDHILLS,0.1
07-06-2025,REDHILLS,0.98
08-06-2025,REDHILLS,0.87
09-06-2025,REDHILLS,0.76
10-06-2025,REDHILLS,1.35
11-06-2025,REDHILLS,0.77
12-06-2025,REDHILLS,0.43
13-06-2025,REDHILLS,0.74
14-06-2025,REDHILLS,7.37
15-06-2025,REDHILLS,1.06
16-06-2025,REDHILLS,1.18
17-06-2025,REDHILLS,1.72
18-06-2025,REDHILLS,8.19
19-06-2025,REDHILLS,0.55
20-06-2025,REDHILLS,2.29
21-06-2025,REDHILLS,2.52
22-06-2025,REDHILLS,1.87
23-06-2025,REDHILLS,0.19
24-06-2025,REDHILLS,2.26
25-06-2025,REDHILLS,0.13
26-06-2025,REDHILLS,1.81
27-06-2025,REDHILLS,2.69
28-06-2025,REDHILLS,0.47
29-06-2025,REDHILLS,3.69
30-06-2025,REDHILLS,0.06
01-07-2025,REDHILLS,3.71
02-07-2025,REDHILLS,1.23
03-07-2025,REDHILLS,0.49
04-07-2025,REDHILLS,0.29
05-07-2025,REDHILLS,6.13
06-07-2025,REDHILLS,0.15
07-07-2025,REDHILLS,0.44
08-07-2025,REDHILLS,0.85
09-07-2025,REDHILLS,1.94
10-07-2025,REDHILLS,1.57
11-07-2025,REDHILLS,0.27
12-07-2025,REDHILLS,0.68
13-07-2025,REDHILLS,0.55
14-07-2025,REDHILLS,0.48
15-07-2025,REDHILLS,1.06
16-07-2025,REDHILLS,2.44
17-07-2025,REDHILLS,0.49
18-07-2025,REDHILLS,0.91
19-07-2025,REDHILLS,0.99
20-07-2025,REDHILLS,7.5
21-07-2025,REDHILLS,6.19
22-07-2025,REDHILLS,3.22
23-07-2025,REDHILLS,0.55
24-07-2025,REDHILLS,0.14
25-07-2025,REDHILLS,0.76
26-07-2025,REDHILLS,0.62
27-07-2025,REDHILLS,1.41
28-07-2025,REDHILLS,3.01
29-07-2025,REDHILLS,3.91
30-07-2025,REDHILLS,3.73
31-07-2025,REDHILLS,0.89
01-08-2025,REDHILLS,2.32
02-08-2025,REDHILLS,0.75
03-08-2025,REDHILLS,0.13
04-08-2025,REDHILLS,2.42
05-08-2025,REDHILLS,0.02
06-08-2025,REDHILLS,1.05
07-08-2025,REDHILLS,0.8
08-08-2025,REDHILLS,2.36
09-08-2025,REDHILLS,2.91
10-08-2025,REDHILLS,0.73
11-08-2025,REDHILLS,3.34
12-08-2025,REDHILLS,0.7
13-08-2025,REDHILLS,1.18
14-08-2025,REDHILLS,2.6
15-08-2025,REDHILLS,2.36
16-08-2025,REDHILLS,8.74
17-08-2025,REDHILLS,0.51
18-08-2025,REDHILLS,2.17
19-08-2025,REDHILLS,1.88
20-08-2025,REDHILLS,4.93
21-08-2025,REDHILLS,0.34
22-08-2025,REDHILLS,2.79
23-08-2025,REDHILLS,1.68
24-08-2025,REDHILLS,0.64
25-08-2025,REDHILLS,1.29
26-08-2025,REDHILLS,0.81
27-08-2025,REDHILLS,1.73
28-08-2025,REDHILLS,4.4
29-08-2025,REDHILLS,1.68
30-08-2025,REDHILLS,2.0
31-08-2025,REDHILLS,1.46
01-09-2025,REDHILLS,0.11
02-09-2025,REDHILLS,0.53
03-09-2025,REDHILLS,1.35
04-09-2025,REDHILLS,0.74
05-09-2025,REDHILLS,0.4
06-09-2025,REDHILLS,1.4
07-09-2025,REDHILLS,0.78
08-09-2025,REDHILLS,0.6
09-09-2025,REDHILLS,1.25
10-09-2025,REDHILLS,0.29
11-09-2025,REDHILLS,5.26
12-09-2025,REDHILLS,4.05
13-09-2025,REDHILLS,2.46
14-09-2025,REDHILLS,0.22
15-09-2025,REDHILLS,2.99
16-09-2025,REDHILLS,3.3
17-09-2025,REDHILLS,2.92
18-09-2025,REDHILLS,0.24
19-09-2025,REDHILLS,2.07
20-09-2025,REDHILLS,3.6
21-09-2025,REDHILLS,1.72
22-09-2025,REDHILLS,2.08
23-09-2025,REDHILLS,1.23
24-09-2025,REDHILLS,1.5
25-09-2025,REDHILLS,0.07
26-09-2025,REDHILLS,2.04
27-09-2025,REDHILLS,0.17
28-09-2025,REDHILLS,1.14
29-09-2025,REDHILLS,0.69
30-09-2025,REDHILLS,1.58
01-10-2025,REDHILLS,3.58
02-10-2025,REDHILLS,29.41
03-10-2025,REDHILLS,39.62
04-10-2025,REDHILLS,4.46
05-10-2025,REDHILLS,2.75
06-10-2025,REDHILLS,3.93
07-10-2025,REDHILLS,52.42
08-10-2025,REDHILLS,18.78
09-10-2025,REDHILLS,15.74
10-10-2025,REDHILLS,2.82
11-10-2025,REDHILLS,26.21
12-10-2025,REDHILLS,50.62
13-10-2025,REDHILLS,44.03
14-10-2025,REDHILLS,24.59
15-10-2025,REDHILLS,1.96
16-10-2025,REDHILLS,2.98
17-10-2025,REDHILLS,1.26
18-10-2025,REDHILLS,7.44
19-10-2025,REDHILLS,3.64
20-10-2025,REDHILLS,7.53
21-10-2025,REDHILLS,12.16
22-10-2025,REDHILLS,71.61
23-10-2025,REDHILLS,23.56
24-10-2025,REDHILLS,45.04
25-10-2025,REDHILLS,30.98
26-10-2025,REDHILLS,2.98
27-10-2025,REDHILLS,33.29
28-10-2025,REDHILLS,8.04
29-10-2025,REDHILLS,25.48
30-10-2025,REDHILLS,10.42
31-10-2025,REDHILLS,151.57
01-11-2025,REDHILLS,7.65
02-11-2025,REDHILLS,8.18
03-11-2025,REDHILLS,66.72
04-11-2025,REDHILLS,0.62
05-11-2025,REDHILLS,29.82
06-11-2025,REDHILLS,32.3
07-11-2025,REDHILLS,45.25
08-11-2025,REDHILLS,91.67
09-11-2025,REDHILLS,92.83
10-11-2025,REDHILLS,1.69
11-11-2025,REDHILLS,43.13
12-11-2025,REDHILLS,25.98
13-11-2025,REDHILLS,26.06
14-11-2025,REDHILLS,3.43
15-11-2025,REDHILLS,26.26
16-11-2025,REDHILLS,101.11
17-11-2025,REDHILLS,60.71
18-11-2025,REDHILLS,14.46
19-11-2025,REDHILLS,1.02
20-11-2025,REDHILLS,11.25
21-11-2025,REDHILLS,43.77
22-11-2025,REDHILLS,30.22
23-11-2025,REDHILLS,15.37
24-11-2025,REDHILLS,1.42
25-11-2025,REDHILLS,13.92
26-11-2025,REDHILLS,15.83
27-11-2025,REDHILLS,65.97
28-11-2025,REDHILLS,25.62
29-11-2025,REDHILLS,9.34
30-11-2025,REDHILLS,18.63
01-12-2025,REDHILLS,1.71
02-12-2025,REDHILLS,89.9
03-12-2025,REDHILLS,11.16
04-12-2025,REDHILLS,16.25
05-12-2025,REDHILLS,10.97
06-12-2025,REDHILLS,28.68
07-12-2025,REDHILLS,27.13
08-12-2025,REDHILLS,31.41
09-12-2025,REDHILLS,7.8
10-12-2025,REDHILLS,9.48
11-12-2025,REDHILLS,3.35
12-12-2025,REDHILLS,26.64
13-12-2025,REDHILLS,1.02
14-12-2025,REDHILLS,22.76
15-12-2025,REDHILLS,50.95
16-12-2025,REDHILLS,55.37
17-12-2025,REDHILLS,14.9
18-12-2025,REDHILLS,15.37
19-12-2025,REDHILLS,2.0
20-12-2025,REDHILLS,27.77
21-12-2025,REDHILLS,43.05
22-12-2025,REDHILLS,7.01
23-12-2025,REDHILLS,13.67
24-12-2025,REDHILLS,45.63
25-12-2025,REDHILLS,52.41
26-12-2025,REDHILLS,6.97
27-12-2025,REDHILLS,19.99
28-12-2025,REDHILLS,5.35
29-12-2025,REDHILLS,2.69
30-12-2025,REDHILLS,60.51
31-12-2025,REDHILLS,42.94
01-01-2026,REDHILLS,2.85
02-01-2026,REDHILLS,0.1
03-01-2026,REDHILLS,3.71
04-01-2026,REDHILLS,1.15
05-01-2026,REDHILLS,0.84
06-01-2026,REDHILLS,1.58
07-01-2026,REDHILLS,0.19
08-01-2026,REDHILLS,2.83
09-01-2026,REDHILLS,1.75
10-01-2026,REDHILLS,0.41
11-01-2026,REDHILLS,0.42
12-01-2026,REDHILLS,0.41
13-01-2026,REDHILLS,0.12
14-01-2026,REDHILLS,1.77
15-01-2026,REDHILLS,3.67
16-01-2026,REDHILLS,0.04
17-01-2026,REDHILLS,0.1
18-01-2026,REDHILLS,1.7
19-01-2026,REDHILLS,3.42
20-01-2026,REDHILLS,0.79
21-01-2026,REDHILLS,0.86
22-01-2026,REDHILLS,1.81
23-01-2026,REDHILLS,0.64
24-01-2026,REDHILLS,0.05
25-01-2026,REDHILLS,2.66
26-01-2026,REDHILLS,1.97
27-01-2026,REDHILLS,1.74
28-01-2026,REDHILLS,2.71
29-01-2026,REDHILLS,2.25
30-01-2026,REDHILLS,0.46
31-01-2026,REDHILLS,0.87
01-02-2026,REDHILLS,0.27
02-02-2026,REDHILLS,0.28
03-02-2026,REDHILLS,2.26
04-02-2026,REDHILLS,3.91
05-02-2026,REDHILLS,6.58
06-02-2026,REDHILLS,1.98
07-02-2026,REDHILLS,0.41
08-02-2026,REDHILLS,0.22
09-02-2026,REDHILLS,3.35
10-02-2026,REDHILLS,1.73
11-02-2026,REDHILLS,1.93
12-02-2026,REDHILLS,3.04
13-02-2026,REDHILLS,2.43
14-02-2026,REDHILLS,3.6
15-02-2026,REDHILLS,0.12
16-02-2026,REDHILLS,2.75
17-02-2026,REDHILLS,3.81
18-02-2026,REDHILLS,0.67
19-02-2026,REDHILLS,2.05
20-02-2026,REDHILLS,0.75
21-02-2026,REDHILLS,6.34
22-02-2026,REDHILLS,0.07
23-02-2026,REDHILLS,1.73
24-02-2026,REDHILLS,0.36
25-02-2026,REDHILLS,2.49
26-02-2026,REDHILLS,0.39
27-02-2026,REDHILLS,0.54
28-02-2026,REDHILLS,1.36
01-03-2026,REDHILLS,4.93
02-03-2026,REDHILLS,0.48
03-03-2026,REDHILLS,0.31
04-03-2026,REDHILLS,2.85
05-03-2026,REDHILLS,1.39
06-03-2026,REDHILLS,4.86
07-03-2026,REDHILLS,0.32
08-03-2026,REDHILLS,2.08
09-03-2026,REDHILLS,0.53
10-03-2026,REDHILLS,0.34
11-03-2026,REDHILLS,2.3
12-03-2026,REDHILLS,1.8
13-03-2026,REDHILLS,2.81
14-03-2026,REDHILLS,0.74
15-03-2026,REDHILLS,1.19
16-03-2026,REDHILLS,1.04
17-03-2026,REDHILLS,8.28
18-03-2026,REDHILLS,0.69
19-03-2026,REDHILLS,0.7
20-03-2026,REDHILLS,0.88
21-03-2026,REDHILLS,1.66
22-03-2026,REDHILLS,0.58
23-03-2026,REDHILLS,4.94
24-03-2026,REDHILLS,0.62
25-03-2026,REDHILLS,4.52
26-03-2026,REDHILLS,0.22
27-03-2026,REDHILLS,2.14
28-03-2026,REDHILLS,4.75
29-03-2026,REDHILLS,0.37
30-03-2026,REDHILLS,6.9
31-03-2026,REDHILLS,1.21
01-04-2026,REDHILLS,5.83
02-04-2026,REDHILLS,2.26
03-04-2026,REDHILLS,0.72
04-04-2026,REDHILLS,0.42
05-04-2026,REDHILLS,0.72
06-04-2026,REDHILLS,0.2
07-04-2026,REDHILLS,0.31
08-04-2026,REDHILLS,0.22
09-04-2026,REDHILLS,1.1
10-04-2026,REDHILLS,3.18
11-04-2026,REDHILLS,0.3
12-04-2026,REDHILLS,0.28
13-04-2026,REDHILLS,2.06
14-04-2026,REDHILLS,0.44
15-04-2026,REDHILLS,0.21
16-04-2026,REDHILLS,0.37
17-04-2026,REDHILLS,5.15
18-04-2026,REDHILLS,3.45
19-04-2026,REDHILLS,0.87
20-04-2026,REDHILLS,2.13
21-04-2026,REDHILLS,1.54
22-04-2026,REDHILLS,2.26
23-04-2026,REDHILLS,2.3
24-04-2026,REDHILLS,1.98
25-04-2026,REDHILLS,0.62
26-04-2026,REDHILLS,0.08
27-04-2026,REDHILLS,1.22
28-04-2026,REDHILLS,4.43
29-04-2026,REDHILLS,1.69
30-04-2026,REDHILLS,3.57
01-05-2026,REDHILLS,9.56
02-05-2026,REDHILLS,0.36
03-05-2026,REDHILLS,2.35
04-05-2026,REDHILLS,2.24
05-05-2026,REDHILLS,7.82
06-05-2026,REDHILLS,8.48
07-05-2026,REDHILLS,2.32
08-05-2026,REDHILLS,0.56
09-05-2026,REDHILLS,3.2
10-05-2026,REDHILLS,0.23
11-05-2026,REDHILLS,3.03
12-05-2026,REDHILLS,4.82
13-05-2026,REDHILLS,0.97
14-05-2026,REDHILLS,1.99
15-05-2026,REDHILLS,1.12
16-05-2026,REDHILLS,1.15
17-05-2026,REDHILLS,0.74
18-05-2026,REDHILLS,2.87
19-05-2026,REDHILLS,5.5
20-05-2026,REDHILLS,5.65
21-05-2026,REDHILLS,0.38
22-05-2026,REDHILLS,4.15
23-05-2026,REDHILLS,2.67
24-05-2026,REDHILLS,0.58
25-05-2026,REDHILLS,0.14
26-05-2026,REDHILLS,0.62
27-05-2026,REDHILLS,4.87
28-05-2026,REDHILLS,2.01
29-05-2026,REDHILLS,2.55
30-05-2026,REDHILLS,0.59
31-05-2026,REDHILLS,2.54
01-06-2026,REDHILLS,0.06
02-06-2026,REDHILLS,0.94
03-06-2026,REDHILLS,1.97
04-06-2026,REDHILLS,0.32
05-06-2026,REDHILLS,3.46
06-06-2026,REDHILLS,0.54
07-06-2026,REDHILLS,2.11
08-06-2026,REDHILLS,1.04
09-06-2026,REDHILLS,1.81
10-06-2026,REDHILLS,0.23
11-06-2026,REDHILLS,0.03
12-06-2026,REDHILLS,4.81
13-06-2026,REDHILLS,0.63
14-06-2026,REDHILLS,3.43
15-06-2026,REDHILLS,14.68
16-06-2026,REDHILLS,0.48
17-06-2026,REDHILLS,0.62
18-06-2026,REDHILLS,2.17
19-06-2026,REDHILLS,6.73
20-06-2026,REDHILLS,4.95
21-06-2026,REDHILLS,1.4
22-06-2026,REDHILLS,3.17
23-06-2026,REDHILLS,0.29
24-06-2026,REDHILLS,7.58
25-06-2026,REDHILLS,6.67
26-06-2026,REDHILLS,0.36
27-06-2026,REDHILLS,0.71
28-06-2026,REDHILLS,0.21
29-06-2026,REDHILLS,0.63
30-06-2026,REDHILLS,3.39
01-07-2026,REDHILLS,0.95
02-07-2026,REDHILLS,0.19
03-07-2026,REDHILLS,0.84
04-07-2026,REDHILLS,7.97
05-07-2026,REDHILLS,1.99
06-07-2026,REDHILLS,1.08
07-07-2026,REDHILLS,0.36
08-07-2026,REDHILLS,8.56
09-07-2026,REDHILLS,3.44
10-07-2026,REDHILLS,0.66
11-07-2026,REDHILLS,0.15
12-07-2026,REDHILLS,0.12
13-07-2026,REDHILLS,0.26
14-07-2026,REDHILLS,1.74
15-07-2026,REDHILLS,5.28
16-07-2026,REDHILLS,1.37
17-07-2026,REDHILLS,3.7
18-07-2026,REDHILLS,1.18
19-07-2026,REDHILLS,2.47
20-07-2026,REDHILLS,2.63
21-07-2026,REDHILLS,0.38
22-07-2026,REDHILLS,0.9
23-07-2026,REDHILLS,2.03
24-07-2026,REDHILLS,0.15
25-07-2026,REDHILLS,0.9
26-07-2026,REDHILLS,1.53
27-07-2026,REDHILLS,11.16
28-07-2026,REDHILLS,1.29
29-07-2026,REDHILLS,3.39
30-07-2026,REDHILLS,1.13
31-07-2026,REDHILLS,3.18
01-08-2026,REDHILLS,1.81
02-08-2026,REDHILLS,4.35
03-08-2026,REDHILLS,1.06
04-08-2026,REDHILLS,1.85
05-08-2026,REDHILLS,1.99
06-08-2026,REDHILLS,1.08
07-08-2026,REDHILLS,0.31
08-08-2026,REDHILLS,0.2
09-08-2026,REDHILLS,0.03
10-08-2026,REDHILLS,4.14
11-08-2026,REDHILLS,0.54
12-08-2026,REDHILLS,0.48
13-08-2026,REDHILLS,2.66
14-08-2026,REDHILLS,0.77
15-08-2026,REDHILLS,1.41
16-08-2026,REDHILLS,0.35
17-08-2026,REDHILLS,6.43
18-08-2026,REDHILLS,3.82
19-08-2026,REDHILLS,3.99
20-08-2026,REDHILLS,1.04
21-08-2026,REDHILLS,2.87
22-08-2026,REDHILLS,0.31
23-08-2026,REDHILLS,0.02
24-08-2026,REDHILLS,0.04
25-08-2026,REDHILLS,1.77
26-08-2026,REDHILLS,1.22
27-08-2026,REDHILLS,1.46
28-08-2026,REDHILLS,0.01
29-08-2026,REDHILLS,1.1
30-08-2026,REDHILLS,2.53
31-08-2026,REDHILLS,1.17
01-09-2026,REDHILLS,2.64
02-09-2026,REDHILLS,0.53
03-09-2026,REDHILLS,3.35
04-09-2026,REDHILLS,1.78
05-09-2026,REDHILLS,0.47
06-09-2026,REDHILLS,0.54
07-09-2026,REDHILLS,1.98
08-09-2026,REDHILLS,3.54
09-09-2026,REDHILLS,1.07
10-09-2026,REDHILLS,0.6
11-09-2026,REDHILLS,4.03
12-09-2026,REDHILLS,2.21
13-09-2026,REDHILLS,1.19
14-09-2026,REDHILLS,1.34
15-09-2026,REDHILLS,0.46
16-09-2026,REDHILLS,1.97
17-09-2024,CHEMBARAMBAKKAM,0.89
18-09-2024,CHEMBARAMBAKKAM,10.87
19-09-2024,CHEMBARAMBAKKAM,1.31
20-09-2024,CHEMBARAMBAKKAM,1.33
21-09-2024,CHEMBARAMBAKKAM,1.67
22-09-2024,CHEMBARAMBAKKAM,4.97
23-09-2024,CHEMBARAMBAKKAM,3.23
24-09-2024,CHEMBARAMBAKKAM,1.2
25-09-2024,CHEMBARAMBAKKAM,2.54
26-09-2024,CHEMBARAMBAKKAM,1.76
27-09-2024,CHEMBARAMBAKKAM,1.36
28-09-2024,CHEMBARAMBAKKAM,0.43
29-09-2024,CHEMBARAMBAKKAM,1.25
30-09-2024,CHEMBARAMBAKKAM,0.56
01-10-2024,CHEMBARAMBAKKAM,61.58
02-10-2024,CHEMBARAMBAKKAM,10.21
03-10-2024,CHEMBARAMBAKKAM,76.05
04-10-2024,CHEMBARAMBAKKAM,19.04
05-10-2024,CHEMBARAMBAKKAM,24.96
06-10-2024,CHEMBARAMBAKKAM,19.57
07-10-2024,CHEMBARAMBAKKAM,3.46
08-10-2024,CHEMBARAMBAKKAM,11.78
09-10-2024,CHEMBARAMBAKKAM,2.61
10-10-2024,CHEMBARAMBAKKAM,24.38
11-10-2024,CHEMBARAMBAKKAM,14.8
12-10-2024,CHEMBARAMBAKKAM,37.63
13-10-2024,CHEMBARAMBAKKAM,6.23
14-10-2024,CHEMBARAMBAKKAM,4.5
15-10-2024,CHEMBARAMBAKKAM,13.04
16-10-2024,CHEMBARAMBAKKAM,65.29
17-10-2024,CHEMBARAMBAKKAM,30.98
18-10-2024,CHEMBARAMBAKKAM,13.57
19-10-2024,CHEMBARAMBAKKAM,18.21
20-10-2024,CHEMBARAMBAKKAM,2.2
21-10-2024,CHEMBARAMBAKKAM,104.3
22-10-2024,CHEMBARAMBAKKAM,27.45
23-10-2024,CHEMBARAMBAKKAM,8.4
24-10-2024,CHEMBARAMBAKKAM,22.04
25-10-2024,CHEMBARAMBAKKAM,2.9
26-10-2024,CHEMBARAMBAKKAM,84.42
27-10-2024,CHEMBARAMBAKKAM,4.8
28-10-2024,CHEMBARAMBAKKAM,26.11
29-10-2024,CHEMBARAMBAKKAM,7.04
30-10-2024,CHEMBARAMBAKKAM,31.61
31-10-2024,CHEMBARAMBAKKAM,37.49
01-11-2024,CHEMBARAMBAKKAM,27.98
02-11-2024,CHEMBARAMBAKKAM,23.83
03-11-2024,CHEMBARAMBAKKAM,55.75
04-11-2024,CHEMBARAMBAKKAM,2.05
05-11-2024,CHEMBARAMBAKKAM,10.05
06-11-2024,CHEMBARAMBAKKAM,7.14
07-11-2024,CHEMBARAMBAKKAM,110.6
08-11-2024,CHEMBARAMBAKKAM,12.33
09-11-2024,CHEMBARAMBAKKAM,32.98
10-11-2024,CHEMBARAMBAKKAM,28.86
11-11-2024,CHEMBARAMBAKKAM,5.96
12-11-2024,CHEMBARAMBAKKAM,6.83
13-11-2024,CHEMBARAMBAKKAM,8.26
14-11-2024,CHEMBARAMBAKKAM,13.24
15-11-2024,CHEMBARAMBAKKAM,6.67
16-11-2024,CHEMBARAMBAKKAM,0.5
17-11-2024,CHEMBARAMBAKKAM,52.88
18-11-2024,CHEMBARAMBAKKAM,84.25
19-11-2024,CHEMBARAMBAKKAM,10.45
20-11-2024,CHEMBARAMBAKKAM,10.33
21-11-2024,CHEMBARAMBAKKAM,0.18
22-11-2024,CHEMBARAMBAKKAM,28.51
23-11-2024,CHEMBARAMBAKKAM,43.64
24-11-2024,CHEMBARAMBAKKAM,3.96
25-11-2024,CHEMBARAMBAKKAM,4.35
26-11-2024,CHEMBARAMBAKKAM,39.03
27-11-2024,CHEMBARAMBAKKAM,23.95
28-11-2024,CHEMBARAMBAKKAM,1.15
29-11-2024,CHEMBARAMBAKKAM,24.36
30-11-2024,CHEMBARAMBAKKAM,9.24
01-12-2024,CHEMBARAMBAKKAM,11.5
02-12-2024,CHEMBARAMBAKKAM,36.71
03-12-2024,CHEMBARAMBAKKAM,41.64
04-12-2024,CHEMBARAMBAKKAM,12.79
05-12-2024,CHEMBARAMBAKKAM,73.51
06-12-2024,CHEMBARAMBAKKAM,13.04
07-12-2024,CHEMBARAMBAKKAM,36.94
08-12-2024,CHEMBARAMBAKKAM,16.54
09-12-2024,CHEMBARAMBAKKAM,56.96
10-12-2024,CHEMBARAMBAKKAM,59.58
11-12-2024,CHEMBARAMBAKKAM,2.29
12-12-2024,CHEMBARAMBAKKAM,68.92
13-12-2024,CHEMBARAMBAKKAM,43.65
14-12-2024,CHEMBARAMBAKKAM,39.17
15-12-2024,CHEMBARAMBAKKAM,5.61
16-12-2024,CHEMBARAMBAKKAM,40.88
17-12-2024,CHEMBARAMBAKKAM,47.45
18-12-2024,CHEMBARAMBAKKAM,8.53
19-12-2024,CHEMBARAMBAKKAM,76.05
20-12-2024,CHEMBARAMBAKKAM,1.28
21-12-2024,CHEMBARAMBAKKAM,4.06
22-12-2024,CHEMBARAMBAKKAM,19.28
23-12-2024,CHEMBARAMBAKKAM,21.44
24-12-2024,CHEMBARAMBAKKAM,25.9
25-12-2024,CHEMBARAMBAKKAM,0.43
26-12-2024,CHEMBARAMBAKKAM,80.7
27-12-2024,CHEMBARAMBAKKAM,1.14
28-12-2024,CHEMBARAMBAKKAM,3.86
29-12-2024,CHEMBARAMBAKKAM,0.35
30-12-2024,CHEMBARAMBAKKAM,20.92
31-12-2024,CHEMBARAMBAKKAM,67.3
01-01-2025,CHEMBARAMBAKKAM,2.19
02-01-2025,CHEMBARAMBAKKAM,3.46
03-01-2025,CHEMBARAMBAKKAM,0.03
04-01-2025,CHEMBARAMBAKKAM,1.56
05-01-2025,CHEMBARAMBAKKAM,1.23
06-01-2025,CHEMBARAMBAKKAM,1.38
07-01-2025,CHEMBARAMBAKKAM,0.15
08-01-2025,CHEMBARAMBAKKAM,2.31
09-01-2025,CHEMBARAMBAKKAM,1.4
10-01-2025,CHEMBARAMBAKKAM,2.9
11-01-2025,CHEMBARAMBAKKAM,1.33
12-01-2025,CHEMBARAMBAKKAM,0.32
13-01-2025,CHEMBARAMBAKKAM,2.09
14-01-2025,CHEMBARAMBAKKAM,0.38
15-01-2025,CHEMBARAMBAKKAM,4.12
16-01-2025,CHEMBARAMBAKKAM,1.9
17-01-2025,CHEMBARAMBAKKAM,0.34
18-01-2025,CHEMBARAMBAKKAM,6.56
19-01-2025,CHEMBARAMBAKKAM,1.46
20-01-2025,CHEMBARAMBAKKAM,0.15
21-01-2025,CHEMBARAMBAKKAM,1.97
22-01-2025,CHEMBARAMBAKKAM,0.58
23-01-2025,CHEMBARAMBAKKAM,3.26
24-01-2025,CHEMBARAMBAKKAM,3.41
25-01-2025,CHEMBARAMBAKKAM,7.72
26-01-2025,CHEMBARAMBAKKAM,1.39
27-01-2025,CHEMBARAMBAKKAM,1.21
28-01-2025,CHEMBARAMBAKKAM,2.8
29-01-2025,CHEMBARAMBAKKAM,0.28
30-01-2025,CHEMBARAMBAKKAM,1.58
31-01-2025,CHEMBARAMBAKKAM,1.58
01-02-2025,CHEMBARAMBAKKAM,0.19
02-02-2025,CHEMBARAMBAKKAM,1.08
03-02-2025,CHEMBARAMBAKKAM,3.84
04-02-2025,CHEMBARAMBAKKAM,3.88
05-02-2025,CHEMBARAMBAKKAM,0.21
06-02-2025,CHEMBARAMBAKKAM,0.19
07-02-2025,CHEMBARAMBAKKAM,0.61
08-02-2025,CHEMBARAMBAKKAM,4.16
09-02-2025,CHEMBARAMBAKKAM,0.28
10-02-2025,CHEMBARAMBAKKAM,2.55
11-02-2025,CHEMBARAMBAKKAM,0.21
12-02-2025,CHEMBARAMBAKKAM,1.95
13-02-2025,CHEMBARAMBAKKAM,0.88
14-02-2025,CHEMBARAMBAKKAM,3.11
15-02-2025,CHEMBARAMBAKKAM,0.53
16-02-2025,CHEMBARAMBAKKAM,2.04
17-02-2025,CHEMBARAMBAKKAM,0.54
18-02-2025,CHEMBARAMBAKKAM,2.5
19-02-2025,CHEMBARAMBAKKAM,4.14
20-02-2025,CHEMBARAMBAKKAM,0.27
21-02-2025,CHEMBARAMBAKKAM,4.03
22-02-2025,CHEMBARAMBAKKAM,1.8
23-02-2025,CHEMBARAMBAKKAM,0.27
24-02-2025,CHEMBARAMBAKKAM,1.12
25-02-2025,CHEMBARAMBAKKAM,0.35
26-02-2025,CHEMBARAMBAKKAM,2.41
27-02-2025,CHEMBARAMBAKKAM,2.84
28-02-2025,CHEMBARAMBAKKAM,0.22
01-03-2025,CHEMBARAMBAKKAM,1.41
02-03-2025,CHEMBARAMBAKKAM,3.37
03-03-2025,CHEMBARAMBAKKAM,5.5
04-03-2025,CHEMBARAMBAKKAM,1.44
05-03-2025,CHEMBARAMBAKKAM,6.0
06-03-2025,CHEMBARAMBAKKAM,1.53
07-03-2025,CHEMBARAMBAKKAM,1.0
08-03-2025,CHEMBARAMBAKKAM,3.77
09-03-2025,CHEMBARAMBAKKAM,1.36
10-03-2025,CHEMBARAMBAKKAM,1.28
11-03-2025,CHEMBARAMBAKKAM,1.35
12-03-2025,CHEMBARAMBAKKAM,3.75
13-03-2025,CHEMBARAMBAKKAM,3.57
14-03-2025,CHEMBARAMBAKKAM,1.03
15-03-2025,CHEMBARAMBAKKAM,0.81
16-03-2025,CHEMBARAMBAKKAM,1.35
17-03-2025,CHEMBARAMBAKKAM,1.7
18-03-2025,CHEMBARAMBAKKAM,0.54
19-03-2025,CHEMBARAMBAKKAM,3.16
20-03-2025,CHEMBARAMBAKKAM,1.33
21-03-2025,CHEMBARAMBAKKAM,0.81
22-03-2025,CHEMBARAMBAKKAM,0.23
23-03-2025,CHEMBARAMBAKKAM,0.55
24-03-2025,CHEMBARAMBAKKAM,5.96
25-03-2025,CHEMBARAMBAKKAM,0.73
26-03-2025,CHEMBARAMBAKKAM,0.37
27-03-2025,CHEMBARAMBAKKAM,1.23
28-03-2025,CHEMBARAMBAKKAM,0.73
29-03-2025,CHEMBARAMBAKKAM,0.07
30-03-2025,CHEMBARAMBAKKAM,0.78
31-03-2025,CHEMBARAMBAKKAM,1.57
01-04-2025,CHEMBARAMBAKKAM,1.6
02-04-2025,CHEMBARAMBAKKAM,0.88
03-04-2025,CHEMBARAMBAKKAM,1.19
04-04-2025,CHEMBARAMBAKKAM,6.73
05-04-2025,CHEMBARAMBAKKAM,0.95
06-04-2025,CHEMBARAMBAKKAM,0.6
07-04-2025,CHEMBARAMBAKKAM,0.56
08-04-2025,CHEMBARAMBAKKAM,1.22
09-04-2025,CHEMBARAMBAKKAM,2.85
10-04-2025,CHEMBARAMBAKKAM,0.46
11-04-2025,CHEMBARAMBAKKAM,2.47
12-04-2025,CHEMBARAMBAKKAM,0.04
13-04-2025,CHEMBARAMBAKKAM,1.09
14-04-2025,CHEMBARAMBAKKAM,2.99
15-04-2025,CHEMBARAMBAKKAM,0.83
16-04-2025,CHEMBARAMBAKKAM,1.66
17-04-2025,CHEMBARAMBAKKAM,0.46
18-04-2025,CHEMBARAMBAKKAM,2.71
19-04-2025,CHEMBARAMBAKKAM,0.11
20-04-2025,CHEMBARAMBAKKAM,3.83
21-04-2025,CHEMBARAMBAKKAM,0.44
22-04-2025,CHEMBARAMBAKKAM,4.15
23-04-2025,CHEMBARAMBAKKAM,0.87
24-04-2025,CHEMBARAMBAKKAM,2.57
25-04-2025,CHEMBARAMBAKKAM,0.77
26-04-2025,CHEMBARAMBAKKAM,4.73
27-04-2025,CHEMBARAMBAKKAM,0.27
28-04-2025,CHEMBARAMBAKKAM,0.39
29-04-2025,CHEMBARAMBAKKAM,1.36
30-04-2025,CHEMBARAMBAKKAM,0.17
01-05-2025,CHEMBARAMBAKKAM,0.44
02-05-2025,CHEMBARAMBAKKAM,5.76
03-05-2025,CHEMBARAMBAKKAM,7.5
04-05-2025,CHEMBARAMBAKKAM,0.94
05-05-2025,CHEMBARAMBAKKAM,5.14
06-05-2025,CHEMBARAMBAKKAM,1.57
07-05-2025,CHEMBARAMBAKKAM,0.63
08-05-2025,CHEMBARAMBAKKAM,2.42
09-05-2025,CHEMBARAMBAKKAM,2.15
10-05-2025,CHEMBARAMBAKKAM,9.04
11-05-2025,CHEMBARAMBAKKAM,0.62
12-05-2025,CHEMBARAMBAKKAM,2.23
13-05-2025,CHEMBARAMBAKKAM,0.11
14-05-2025,CHEMBARAMBAKKAM,0.24
15-05-2025,CHEMBARAMBAKKAM,0.01
16-05-2025,CHEMBARAMBAKKAM,15.05
17-05-2025,CHEMBARAMBAKKAM,3.24
18-05-2025,CHEMBARAMBAKKAM,3.09
19-05-2025,CHEMBARAMBAKKAM,1.43
20-05-2025,CHEMBARAMBAKKAM,0.71
21-05-2025,CHEMBARAMBAKKAM,0.33
22-05-2025,CHEMBARAMBAKKAM,0.67
23-05-2025,CHEMBARAMBAKKAM,0.94
24-05-2025,CHEMBARAMBAKKAM,2.82
25-05-2025,CHEMBARAMBAKKAM,1.55
26-05-2025,CHEMBARAMBAKKAM,0.16
27-05-2025,CHEMBARAMBAKKAM,0.04
28-05-2025,CHEMBARAMBAKKAM,0.22
29-05-2025,CHEMBARAMBAKKAM,1.06
30-05-2025,CHEMBARAMBAKKAM,5.41
31-05-2025,CHEMBARAMBAKKAM,2.03
01-06-2025,CHEMBARAMBAKKAM,3.24
02-06-2025,CHEMBARAMBAKKAM,1.26
03-06-2025,CHEMBARAMBAKKAM,0.9
04-06-2025,CHEMBARAMBAKKAM,0.23
05-06-2025,CHEMBARAMBAKKAM,4.17
06-06-2025,CHEMBARAMBAKKAM,3.06
07-06-2025,CHEMBARAMBAKKAM,0.37
08-06-2025,CHEMBARAMBAKKAM,1.44
09-06-2025,CHEMBARAMBAKKAM,1.34
10-06-2025,CHEMBARAMBAKKAM,1.96
11-06-2025,CHEMBARAMBAKKAM,5.84
12-06-2025,CHEMBARAMBAKKAM,1.73
13-06-2025,CHEMBARAMBAKKAM,1.55
14-06-2025,CHEMBARAMBAKKAM,0.1
15-06-2025,CHEMBARAMBAKKAM,0.13
16-06-2025,CHEMBARAMBAKKAM,0.41
17-06-2025,CHEMBARAMBAKKAM,0.07
18-06-2025,CHEMBARAMBAKKAM,2.72
19-06-2025,CHEMBARAMBAKKAM,2.57
20-06-2025,CHEMBARAMBAKKAM,0.29
21-06-2025,CHEMBARAMBAKKAM,3.62
22-06-2025,CHEMBARAMBAKKAM,0.34
23-06-2025,CHEMBARAMBAKKAM,0.72
24-06-2025,CHEMBARAMBAKKAM,0.57
25-06-2025,CHEMBARAMBAKKAM,0.93
26-06-2025,CHEMBARAMBAKKAM,0.59
27-06-2025,CHEMBARAMBAKKAM,1.34
28-06-2025,CHEMBARAMBAKKAM,1.05
29-06-2025,CHEMBARAMBAKKAM,8.62
30-06-2025,CHEMBARAMBAKKAM,0.12
01-07-2025,CHEMBARAMBAKKAM,0.31
02-07-2025,CHEMBARAMBAKKAM,0.11
03-07-2025,CHEMBARAMBAKKAM,1.97
04-07-2025,CHEMBARAMBAKKAM,0.11
05-07-2025,CHEMBARAMBAKKAM,3.62
06-07-2025,CHEMBARAMBAKKAM,1.43
07-07-2025,CHEMBARAMBAKKAM,1.5
08-07-2025,CHEMBARAMBAKKAM,1.65
09-07-2025,CHEMBARAMBAKKAM,0.37
10-07-2025,CHEMBARAMBAKKAM,0.44
11-07-2025,CHEMBARAMBAKKAM,0.77
12-07-2025,CHEMBARAMBAKKAM,1.8
13-07-2025,CHEMBARAMBAKKAM,0.47
14-07-2025,CHEMBARAMBAKKAM,0.25
15-07-2025,CHEMBARAMBAKKAM,7.02
16-07-2025,CHEMBARAMBAKKAM,0.04
17-07-2025,CHEMBARAMBAKKAM,3.25
18-07-2025,CHEMBARAMBAKKAM,3.1
19-07-2025,CHEMBARAMBAKKAM,0.71
20-07-2025,CHEMBARAMBAKKAM,0.29
21-07-2025,CHEMBARAMBAKKAM,0.31
22-07-2025,CHEMBARAMBAKKAM,2.39
23-07-2025,CHEMBARAMBAKKAM,2.06
24-07-2025,CHEMBARAMBAKKAM,3.05
25-07-2025,CHEMBARAMBAKKAM,5.54
26-07-2025,CHEMBARAMBAKKAM,2.35
27-07-2025,CHEMBARAMBAKKAM,0.34
28-07-2025,CHEMBARAMBAKKAM,0.56
29-07-2025,CHEMBARAMBAKKAM,3.69
30-07-2025,CHEMBARAMBAKKAM,0.47
31-07-2025,CHEMBARAMBAKKAM,0.15
01-08-2025,CHEMBARAMBAKKAM,2.43
02-08-2025,CHEMBARAMBAKKAM,1.03
03-08-2025,CHEMBARAMBAKKAM,5.05
04-08-2025,CHEMBARAMBAKKAM,2.1
05-08-2025,CHEMBARAMBAKKAM,0.19
06-08-2025,CHEMBARAMBAKKAM,5.91
07-08-2025,CHEMBARAMBAKKAM,0.6
08-08-2025,CHEMBARAMBAKKAM,0.82
09-08-2025,CHEMBARAMBAKKAM,1.03
10-08-2025,CHEMBARAMBAKKAM,0.11
11-08-2025,CHEMBARAMBAKKAM,1.37
12-08-2025,CHEMBARAMBAKKAM,0.26
13-08-2025,CHEMBARAMBAKKAM,1.02
14-08-2025,CHEMBARAMBAKKAM,0.86
15-08-2025,CHEMBARAMBAKKAM,2.96
16-08-2025,CHEMBARAMBAKKAM,3.25
17-08-2025,CHEMBARAMBAKKAM,0.33
18-08-2025,CHEMBARAMBAKKAM,0.91
19-08-2025,CHEMBARAMBAKKAM,0.93
20-08-2025,CHEMBARAMBAKKAM,0.33
21-08-2025,CHEMBARAMBAKKAM,3.2
22-08-2025,CHEMBARAMBAKKAM,2.46
23-08-2025,CHEMBARAMBAKKAM,0.42
24-08-2025,CHEMBARAMBAKKAM,0.91
25-08-2025,CHEMBARAMBAKKAM,0.22
26-08-2025,CHEMBARAMBAKKAM,1.98
27-08-2025,CHEMBARAMBAKKAM,0.26
28-08-2025,CHEMBARAMBAKKAM,8.53
29-08-2025,CHEMBARAMBAKKAM,3.03
30-08-2025,CHEMBARAMBAKKAM,0.99
31-08-2025,CHEMBARAMBAKKAM,1.73
01-09-2025,CHEMBARAMBAKKAM,4.85
02-09-2025,CHEMBARAMBAKKAM,1.62
03-09-2025,CHEMBARAMBAKKAM,0.38
04-09-2025,CHEMBARAMBAKKAM,0.95
05-09-2025,CHEMBARAMBAKKAM,3.7
06-09-2025,CHEMBARAMBAKKAM,2.07
07-09-2025,CHEMBARAMBAKKAM,2.1
08-09-2025,CHEMBARAMBAKKAM,4.03
09-09-2025,CHEMBARAMBAKKAM,4.49
10-09-2025,CHEMBARAMBAKKAM,5.05
11-09-2025,CHEMBARAMBAKKAM,0.2
12-09-2025,CHEMBARAMBAKKAM,1.57
13-09-2025,CHEMBARAMBAKKAM,2.7
14-09-2025,CHEMBARAMBAKKAM,2.83
15-09-2025,CHEMBARAMBAKKAM,1.87
16-09-2025,CHEMBARAMBAKKAM,0.36
17-09-2025,CHEMBARAMBAKKAM,3.19
18-09-2025,CHEMBARAMBAKKAM,2.55
19-09-2025,CHEMBARAMBAKKAM,0.18
20-09-2025,CHEMBARAMBAKKAM,1.25
21-09-2025,CHEMBARAMBAKKAM,0.38
22-09-2025,CHEMBARAMBAKKAM,0.82
23-09-2025,CHEMBARAMBAKKAM,0.04
24-09-2025,CHEMBARAMBAKKAM,1.02
25-09-2025,CHEMBARAMBAKKAM,1.6
26-09-2025,CHEMBARAMBAKKAM,1.93
27-09-2025,CHEMBARAMBAKKAM,2.18
28-09-2025,CHEMBARAMBAKKAM,3.62
29-09-2025,CHEMBARAMBAKKAM,0.49
30-09-2025,CHEMBARAMBAKKAM,0.26
01-10-2025,CHEMBARAMBAKKAM,47.69
02-10-2025,CHEMBARAMBAKKAM,4.26
03-10-2025,CHEMBARAMBAKKAM,91.98
04-10-2025,CHEMBARAMBAKKAM,46.21
05-10-2025,CHEMBARAMBAKKAM,17.37
06-10-2025,CHEMBARAMBAKKAM,99.64
07-10-2025,CHEMBARAMBAKKAM,2.56
08-10-2025,CHEMBARAMBAKKAM,9.03
09-10-2025,CHEMBARAMBAKKAM,25.42
10-10-2025,CHEMBARAMBAKKAM,10.77
11-10-2025,CHEMBARAMBAKKAM,65.91
12-10-2025,CHEMBARAMBAKKAM,1.7
13-10-2025,CHEMBARAMBAKKAM,19.93
14-10-2025,CHEMBARAMBAKKAM,22.34
15-10-2025,CHEMBARAMBAKKAM,26.44
16-10-2025,CHEMBARAMBAKKAM,7.38
17-10-2025,CHEMBARAMBAKKAM,11.34
18-10-2025,CHEMBARAMBAKKAM,46.4
19-10-2025,CHEMBARAMBAKKAM,5.42
20-10-2025,CHEMBARAMBAKKAM,43.84
21-10-2025,CHEMBARAMBAKKAM,20.68
22-10-2025,CHEMBARAMBAKKAM,35.91
23-10-2025,CHEMBARAMBAKKAM,31.26
24-10-2025,CHEMBARAMBAKKAM,5.81
25-10-2025,CHEMBARAMBAKKAM,21.03
26-10-2025,CHEMBARAMBAKKAM,50.57
27-10-2025,CHEMBARAMBAKKAM,14.15
28-10-2025,CHEMBARAMBAKKAM,84.97
29-10-2025,CHEMBARAMBAKKAM,15.05
30-10-2025,CHEMBARAMBAKKAM,3.85
31-10-2025,CHEMBARAMBAKKAM,12.33
01-11-2025,CHEMBARAMBAKKAM,75.76
02-11-2025,CHEMBARAMBAKKAM,9.63
03-11-2025,CHEMBARAMBAKKAM,50.64
04-11-2025,CHEMBARAMBAKKAM,53.27
05-11-2025,CHEMBARAMBAKKAM,10.78
06-11-2025,CHEMBARAMBAKKAM,2.17
07-11-2025,CHEMBARAMBAKKAM,32.23
08-11-2025,CHEMBARAMBAKKAM,9.33
09-11-2025,CHEMBARAMBAKKAM,38.19
10-11-2025,CHEMBARAMBAKKAM,14.61
11-11-2025,CHEMBARAMBAKKAM,16.6
12-11-2025,CHEMBARAMBAKKAM,37.62
13-11-2025,CHEMBARAMBAKKAM,12.05
14-11-2025,CHEMBARAMBAKKAM,14.64
15-11-2025,CHEMBARAMBAKKAM,11.8
16-11-2025,CHEMBARAMBAKKAM,11.45
17-11-2025,CHEMBARAMBAKKAM,18.66
18-11-2025,CHEMBARAMBAKKAM,41.36
19-11-2025,CHEMBARAMBAKKAM,11.23
20-11-2025,CHEMBARAMBAKKAM,18.57
21-11-2025,CHEMBARAMBAKKAM,27.77
22-11-2025,CHEMBARAMBAKKAM,7.85
23-11-2025,CHEMBARAMBAKKAM,8.13
24-11-2025,CHEMBARAMBAKKAM,67.73
25-11-2025,CHEMBARAMBAKKAM,32.14
26-11-2025,CHEMBARAMBAKKAM,21.52
27-11-2025,CHEMBARAMBAKKAM,26.08
28-11-2025,CHEMBARAMBAKKAM,0.74
29-11-2025,CHEMBARAMBAKKAM,24.07
30-11-2025,CHEMBARAMBAKKAM,17.81
01-12-2025,CHEMBARAMBAKKAM,19.73
02-12-2025,CHEMBARAMBAKKAM,11.13
03-12-2025,CHEMBARAMBAKKAM,2.12
04-12-2025,CHEMBARAMBAKKAM,5.37
05-12-2025,CHEMBARAMBAKKAM,75.27
06-12-2025,CHEMBARAMBAKKAM,13.14
07-12-2025,CHEMBARAMBAKKAM,15.72
08-12-2025,CHEMBARAMBAKKAM,1.35
09-12-2025,CHEMBARAMBAKKAM,0.96
10-12-2025,CHEMBARAMBAKKAM,31.57
11-12-2025,CHEMBARAMBAKKAM,19.31
12-12-2025,CHEMBARAMBAKKAM,17.77
13-12-2025,CHEMBARAMBAKKAM,6.96
14-12-2025,CHEMBARAMBAKKAM,34.14
15-12-2025,CHEMBARAMBAKKAM,4.61
16-12-2025,CHEMBARAMBAKKAM,5.27
17-12-2025,CHEMBARAMBAKKAM,15.44
18-12-2025,CHEMBARAMBAKKAM,8.43
19-12-2025,CHEMBARAMBAKKAM,7.11
20-12-2025,CHEMBARAMBAKKAM,25.91
21-12-2025,CHEMBARAMBAKKAM,26.32
22-12-2025,CHEMBARAMBAKKAM,43.51
23-12-2025,CHEMBARAMBAKKAM,13.52
24-12-2025,CHEMBARAMBAKKAM,1.9
25-12-2025,CHEMBARAMBAKKAM,7.99
26-12-2025,CHEMBARAMBAKKAM,97.81
27-12-2025,CHEMBARAMBAKKAM,22.67
28-12-2025,CHEMBARAMBAKKAM,30.92
29-12-2025,CHEMBARAMBAKKAM,0.18
30-12-2025,CHEMBARAMBAKKAM,18.26
31-12-2025,CHEMBARAMBAKKAM,0.96
01-01-2026,CHEMBARAMBAKKAM,1.68
02-01-2026,CHEMBARAMBAKKAM,5.07
03-01-2026,CHEMBARAMBAKKAM,6.91
04-01-2026,CHEMBARAMBAKKAM,1.56
05-01-2026,CHEMBARAMBAKKAM,1.23
06-01-2026,CHEMBARAMBAKKAM,5.8
07-01-2026,CHEMBARAMBAKKAM,2.24
08-01-2026,CHEMBARAMBAKKAM,0.13
09-01-2026,CHEMBARAMBAKKAM,1.25
10-01-2026,CHEMBARAMBAKKAM,0.55
11-01-2026,CHEMBARAMBAKKAM,1.27
12-01-2026,CHEMBARAMBAKKAM,1.22
13-01-2026,CHEMBARAMBAKKAM,1.75
14-01-2026,CHEMBARAMBAKKAM,0.88
15-01-2026,CHEMBARAMBAKKAM,0.36
16-01-2026,CHEMBARAMBAKKAM,1.4
17-01-2026,CHEMBARAMBAKKAM,3.55
18-01-2026,CHEMBARAMBAKKAM,2.18
19-01-2026,CHEMBARAMBAKKAM,0.83
20-01-2026,CHEMBARAMBAKKAM,5.48
21-01-2026,CHEMBARAMBAKKAM,4.87
22-01-2026,CHEMBARAMBAKKAM,0.47
23-01-2026,CHEMBARAMBAKKAM,0.08
24-01-2026,CHEMBARAMBAKKAM,2.7
25-01-2026,CHEMBARAMBAKKAM,3.52
26-01-2026,CHEMBARAMBAKKAM,6.88
27-01-2026,CHEMBARAMBAKKAM,4.41
28-01-2026,CHEMBARAMBAKKAM,1.84
29-01-2026,CHEMBARAMBAKKAM,1.51
30-01-2026,CHEMBARAMBAKKAM,0.06
31-01-2026,CHEMBARAMBAKKAM,0.57
01-02-2026,CHEMBARAMBAKKAM,1.23
02-02-2026,CHEMBARAMBAKKAM,1.98
03-02-2026,CHEMBARAMBAKKAM,1.63
04-02-2026,CHEMBARAMBAKKAM,2.71
05-02-2026,CHEMBARAMBAKKAM,0.66
06-02-2026,CHEMBARAMBAKKAM,1.66
07-02-2026,CHEMBARAMBAKKAM,0.18
08-02-2026,CHEMBARAMBAKKAM,1.07
09-02-2026,CHEMBARAMBAKKAM,2.77
10-02-2026,CHEMBARAMBAKKAM,2.36
11-02-2026,CHEMBARAMBAKKAM,9.34
12-02-2026,CHEMBARAMBAKKAM,0.65
13-02-2026,CHEMBARAMBAKKAM,1.38
14-02-2026,CHEMBARAMBAKKAM,0.8
15-02-2026,CHEMBARAMBAKKAM,1.16
16-02-2026,CHEMBARAMBAKKAM,3.89
17-02-2026,CHEMBARAMBAKKAM,2.31
18-02-2026,CHEMBARAMBAKKAM,4.28
19-02-2026,CHEMBARAMBAKKAM,0.46
20-02-2026,CHEMBARAMBAKKAM,4.13
21-02-2026,CHEMBARAMBAKKAM,0.12
22-02-2026,CHEMBARAMBAKKAM,4.39
23-02-2026,CHEMBARAMBAKKAM,0.8
24-02-2026,CHEMBARAMBAKKAM,0.76
25-02-2026,CHEMBARAMBAKKAM,1.44
26-02-2026,CHEMBARAMBAKKAM,5.65
27-02-2026,CHEMBARAMBAKKAM,0.1
28-02-2026,CHEMBARAMBAKKAM,0.87
01-03-2026,CHEMBARAMBAKKAM,3.88
02-03-2026,CHEMBARAMBAKKAM,1.01
03-03-2026,CHEMBARAMBAKKAM,0.44
04-03-2026,CHEMBARAMBAKKAM,1.11
05-03-2026,CHEMBARAMBAKKAM,0.97
06-03-2026,CHEMBARAMBAKKAM,4.94
07-03-2026,CHEMBARAMBAKKAM,2.87
08-03-2026,CHEMBARAMBAKKAM,1.41
09-03-2026,CHEMBARAMBAKKAM,8.91
10-03-2026,CHEMBARAMBAKKAM,1.25
11-03-2026,CHEMBARAMBAKKAM,0.12
12-03-2026,CHEMBARAMBAKKAM,0.61
13-03-2026,CHEMBARAMBAKKAM,1.15
14-03-2026,CHEMBARAMBAKKAM,0.34
15-03-2026,CHEMBARAMBAKKAM,5.9
16-03-2026,CHEMBARAMBAKKAM,2.91
17-03-2026,CHEMBARAMBAKKAM,0.62
18-03-2026,CHEMBARAMBAKKAM,1.79
19-03-2026,CHEMBARAMBAKKAM,2.56
20-03-2026,CHEMBARAMBAKKAM,5.67
21-03-2026,CHEMBARAMBAKKAM,4.27
22-03-2026,CHEMBARAMBAKKAM,1.45
23-03-2026,CHEMBARAMBAKKAM,2.98
24-03-2026,CHEMBARAMBAKKAM,1.65
25-03-2026,CHEMBARAMBAKKAM,1.61
26-03-2026,CHEMBARAMBAKKAM,0.24
27-03-2026,CHEMBARAMBAKKAM,0.27
28-03-2026,CHEMBARAMBAKKAM,1.51
29-03-2026,CHEMBARAMBAKKAM,0.63
30-03-2026,CHEMBARAMBAKKAM,0.04
31-03-2026,CHEMBARAMBAKKAM,2.57
01-04-2026,CHEMBARAMBAKKAM,0.07
02-04-2026,CHEMBARAMBAKKAM,1.81
03-04-2026,CHEMBARAMBAKKAM,1.55
04-04-2026,CHEMBARAMBAKKAM,6.94
05-04-2026,CHEMBARAMBAKKAM,1.32
06-04-2026,CHEMBARAMBAKKAM,0.13
07-04-2026,CHEMBARAMBAKKAM,1.6
08-04-2026,CHEMBARAMBAKKAM,3.68
09-04-2026,CHEMBARAMBAKKAM,11.52
10-04-2026,CHEMBARAMBAKKAM,1.13
11-04-2026,CHEMBARAMBAKKAM,0.77
12-04-2026,CHEMBARAMBAKKAM,4.74
13-04-2026,CHEMBARAMBAKKAM,0.42
14-04-2026,CHEMBARAMBAKKAM,1.91
15-04-2026,CHEMBARAMBAKKAM,1.04
16-04-2026,CHEMBARAMBAKKAM,0.08
17-04-2026,CHEMBARAMBAKKAM,0.85
18-04-2026,CHEMBARAMBAKKAM,0.62
19-04-2026,CHEMBARAMBAKKAM,2.32
20-04-2026,CHEMBARAMBAKKAM,5.94
21-04-2026,CHEMBARAMBAKKAM,0.62
22-04-2026,CHEMBARAMBAKKAM,3.34
23-04-2026,CHEMBARAMBAKKAM,0.11
24-04-2026,CHEMBARAMBAKKAM,1.54
25-04-2026,CHEMBARAMBAKKAM,0.15
26-04-2026,CHEMBARAMBAKKAM,5.44
27-04-2026,CHEMBARAMBAKKAM,2.91
28-04-2026,CHEMBARAMBAKKAM,2.15
29-04-2026,CHEMBARAMBAKKAM,3.47
30-04-2026,CHEMBARAMBAKKAM,2.09
01-05-2026,CHEMBARAMBAKKAM,6.94
02-05-2026,CHEMBARAMBAKKAM,2.5
03-05-2026,CHEMBARAMBAKKAM,5.17
04-05-2026,CHEMBARAMBAKKAM,1.46
05-05-2026,CHEMBARAMBAKKAM,0.25
06-05-2026,CHEMBARAMBAKKAM,1.5
07-05-2026,CHEMBARAMBAKKAM,0.27
08-05-2026,CHEMBARAMBAKKAM,1.8
09-05-2026,CHEMBARAMBAKKAM,1.32
10-05-2026,CHEMBARAMBAKKAM,1.95
11-05-2026,CHEMBARAMBAKKAM,0.02
12-05-2026,CHEMBARAMBAKKAM,0.43
13-05-2026,CHEMBARAMBAKKAM,1.35
14-05-2026,CHEMBARAMBAKKAM,6.01
15-05-2026,CHEMBARAMBAKKAM,0.97
16-05-2026,CHEMBARAMBAKKAM,1.1
17-05-2026,CHEMBARAMBAKKAM,2.51
18-05-2026,CHEMBARAMBAKKAM,1.85
19-05-2026,CHEMBARAMBAKKAM,0.71
20-05-2026,CHEMBARAMBAKKAM,1.06
21-05-2026,CHEMBARAMBAKKAM,0.49
22-05-2026,CHEMBARAMBAKKAM,6.76
23-05-2026,CHEMBARAMBAKKAM,0.28
24-05-2026,CHEMBARAMBAKKAM,0.93
25-05-2026,CHEMBARAMBAKKAM,0.05
26-05-2026,CHEMBARAMBAKKAM,0.5
27-05-2026,CHEMBARAMBAKKAM,3.03
28-05-2026,CHEMBARAMBAKKAM,0.45
29-05-2026,CHEMBARAMBAKKAM,0.17
30-05-2026,CHEMBARAMBAKKAM,1.29
31-05-2026,CHEMBARAMBAKKAM,0.02
01-06-2026,CHEMBARAMBAKKAM,0.18
02-06-2026,CHEMBARAMBAKKAM,3.3
03-06-2026,CHEMBARAMBAKKAM,2.95
04-06-2026,CHEMBARAMBAKKAM,4.93
05-06-2026,CHEMBARAMBAKKAM,3.86
06-06-2026,CHEMBARAMBAKKAM,2.3
07-06-2026,CHEMBARAMBAKKAM,0.11
08-06-2026,CHEMBARAMBAKKAM,3.05
09-06-2026,CHEMBARAMBAKKAM,3.74
10-06-2026,CHEMBARAMBAKKAM,3.21
11-06-2026,CHEMBARAMBAKKAM,1.42
12-06-2026,CHEMBARAMBAKKAM,0.53
13-06-2026,CHEMBARAMBAKKAM,3.73
14-06-2026,CHEMBARAMBAKKAM,2.6
15-06-2026,CHEMBARAMBAKKAM,7.9
16-06-2026,CHEMBARAMBAKKAM,0.34
17-06-2026,CHEMBARAMBAKKAM,0.51
18-06-2026,CHEMBARAMBAKKAM,0.48
19-06-2026,CHEMBARAMBAKKAM,3.15
20-06-2026,CHEMBARAMBAKKAM,0.41
21-06-2026,CHEMBARAMBAKKAM,0.14
22-06-2026,CHEMBARAMBAKKAM,13.09
23-06-2026,CHEMBARAMBAKKAM,0.05
24-06-2026,CHEMBARAMBAKKAM,3.61
25-06-2026,CHEMBARAMBAKKAM,0.91
26-06-2026,CHEMBARAMBAKKAM,3.69
27-06-2026,CHEMBARAMBAKKAM,1.62
28-06-2026,CHEMBARAMBAKKAM,4.64
29-06-2026,CHEMBARAMBAKKAM,5.21
30-06-2026,CHEMBARAMBAKKAM,0.02
01-07-2026,CHEMBARAMBAKKAM,0.16
02-07-2026,CHEMBARAMBAKKAM,0.58
03-07-2026,CHEMBARAMBAKKAM,2.21
04-07-2026,CHEMBARAMBAKKAM,4.38
05-07-2026,CHEMBARAMBAKKAM,1.23
06-07-2026,CHEMBARAMBAKKAM,1.87
07-07-2026,CHEMBARAMBAKKAM,0.42
08-07-2026,CHEMBARAMBAKKAM,3.27
09-07-2026,CHEMBARAMBAKKAM,6.84
10-07-2026,CHEMBARAMBAKKAM,0.63
11-07-2026,CHEMBARAMBAKKAM,1.37
12-07-2026,CHEMBARAMBAKKAM,0.18
13-07-2026,CHEMBARAMBAKKAM,1.64
14-07-2026,CHEMBARAMBAKKAM,1.4
15-07-2026,CHEMBARAMBAKKAM,0.31
16-07-2026,CHEMBARAMBAKKAM,1.17
17-07-2026,CHEMBARAMBAKKAM,0.81
18-07-2026,CHEMBARAMBAKKAM,1.48
19-07-2026,CHEMBARAMBAKKAM,1.76
20-07-2026,CHEMBARAMBAKKAM,0.02
21-07-2026,CHEMBARAMBAKKAM,2.86
22-07-2026,CHEMBARAMBAKKAM,2.5
23-07-2026,CHEMBARAMBAKKAM,0.91
24-07-2026,CHEMBARAMBAKKAM,0.11
25-07-2026,CHEMBARAMBAKKAM,2.81
26-07-2026,CHEMBARAMBAKKAM,6.21
27-07-2026,CHEMBARAMBAKKAM,0.55
28-07-2026,CHEMBARAMBAKKAM,0.78
29-07-2026,CHEMBARAMBAKKAM,0.41
30-07-2026,CHEMBARAMBAKKAM,1.72
31-07-2026,CHEMBARAMBAKKAM,0.34
01-08-2026,CHEMBARAMBAKKAM,0.88
02-08-2026,CHEMBARAMBAKKAM,2.39
03-08-2026,CHEMBARAMBAKKAM,1.64
04-08-2026,CHEMBARAMBAKKAM,0.98
05-08-2026,CHEMBARAMBAKKAM,1.09
06-08-2026,CHEMBARAMBAKKAM,1.65
07-08-2026,CHEMBARAMBAKKAM,0.01
08-08-2026,CHEMBARAMBAKKAM,0.16
09-08-2026,CHEMBARAMBAKKAM,4.26
10-08-2026,CHEMBARAMBAKKAM,0.16
11-08-2026,CHEMBARAMBAKKAM,2.45
12-08-2026,CHEMBARAMBAKKAM,5.05
13-08-2026,CHEMBARAMBAKKAM,0.63
14-08-2026,CHEMBARAMBAKKAM,0.93
15-08-2026,CHEMBARAMBAKKAM,1.68
16-08-2026,CHEMBARAMBAKKAM,4.27
17-08-2026,CHEMBARAMBAKKAM,5.69
18-08-2026,CHEMBARAMBAKKAM,2.69
19-08-2026,CHEMBARAMBAKKAM,0.18
20-08-2026,CHEMBARAMBAKKAM,2.21
21-08-2026,CHEMBARAMBAKKAM,1.06
22-08-2026,CHEMBARAMBAKKAM,1.27
23-08-2026,CHEMBARAMBAKKAM,0.1
24-08-2026,CHEMBARAMBAKKAM,0.42
25-08-2026,CHEMBARAMBAKKAM,3.13
26-08-2026,CHEMBARAMBAKKAM,1.21
27-08-2026,CHEMBARAMBAKKAM,0.72
28-08-2026,CHEMBARAMBAKKAM,0.97
29-08-2026,CHEMBARAMBAKKAM,3.85
30-08-2026,CHEMBARAMBAKKAM,2.76
31-08-2026,CHEMBARAMBAKKAM,0.64
01-09-2026,CHEMBARAMBAKKAM,0.25
02-09-2026,CHEMBARAMBAKKAM,0.58
03-09-2026,CHEMBARAMBAKKAM,5.07
04-09-2026,CHEMBARAMBAKKAM,1.74
05-09-2026,CHEMBARAMBAKKAM,1.52
06-09-2026,CHEMBARAMBAKKAM,1.81
07-09-2026,CHEMBARAMBAKKAM,0.91
08-09-2026,CHEMBARAMBAKKAM,3.29
09-09-2026,CHEMBARAMBAKKAM,1.48
10-09-2026,CHEMBARAMBAKKAM,0.25
11-09-2026,CHEMBARAMBAKKAM,0.28
12-09-2026,CHEMBARAMBAKKAM,1.54
13-09-2026,CHEMBARAMBAKKAM,5.52
14-09-2026,CHEMBARAMBAKKAM,0.74
15-09-2026,CHEMBARAMBAKKAM,4.07
16-09-2026,CHEMBARAMBAKKAM,2.89
