Date,Area,Level_mcft
17-09-2024,POONDI,1938.08
18-09-2024,POONDI,1934.39
19-09-2024,POONDI,1934.63
20-09-2024,POONDI,1939.25
21-09-2024,POONDI,1935.08
22-09-2024,POONDI,1930.9
23-09-2024,POONDI,1935.8
24-09-2024,POONDI,1936.64
25-09-2024,POONDI,1931.29
26-09-2024,POONDI,1931.0
27-09-2024,POONDI,1925.69
28-09-2024,POONDI,1920.36
29-09-2024,POONDI,1918.57
30-09-2024,POONDI,1906.0
01-10-2024,POONDI,1912.38
02-10-2024,POONDI,1924.56
03-10-2024,POONDI,1934.5
04-10-2024,POONDI,1951.07
05-10-2024,POONDI,1961.53
06-10-2024,POONDI,1969.47
07-10-2024,POONDI,1991.8
08-10-2024,POONDI,2005.67
09-10-2024,POONDI,2021.01
10-10-2024,POONDI,2028.88
11-10-2024,POONDI,2041.16
12-10-2024,POONDI,2056.72
13-10-2024,POONDI,2065.96
14-10-2024,POONDI,2082.84
15-10-2024,POONDI,2094.84
16-10-2024,POONDI,2108.38
17-10-2024,POONDI,2120.37
18-10-2024,POONDI,2144.63
19-10-2024,POONDI,2159.56
20-10-2024,POONDI,2169.27
21-10-2024,POONDI,2188.39
22-10-2024,POONDI,2197.28
23-10-2024,POONDI,2213.33
24-10-2024,POONDI,2218.53
25-10-2024,POONDI,2226.89
26-10-2024,POONDI,2242.87
27-10-2024,POONDI,2261.56
28-10-2024,POONDI,2277.42
29-10-2024,POONDI,2291.84
30-10-2024,POONDI,2305.34
31-10-2024,POONDI,2312.95
01-11-2024,POONDI,2324.35
02-11-2024,POONDI,2337.04
03-11-2024,POONDI,2357.33
04-11-2024,POONDI,2374.05
05-11-2024,POONDI,2380.23
06-11-2024,POONDI,2396.85
07-11-2024,POONDI,2409.93
08-11-2024,POONDI,2421.54
09-11-2024,POONDI,2439.6
10-11-2024,POONDI,2459.76
11-11-2024,POONDI,2479.41
12-11-2024,POONDI,2490.22
13-11-2024,POONDI,2503.67
14-11-2024,POONDI,2520.33
15-11-2024,POONDI,2540.2
16-11-2024,POONDI,2552.81
17-11-2024,POONDI,2566.88
18-11-2024,POONDI,2576.35
19-11-2024,POONDI,2585.37
20-11-2024,POONDI,2604.43
21-11-2024,POONDI,2626.21
22-11-2024,POONDI,2640.85
23-11-2024,POONDI,2660.87
24-11-2024,POONDI,2677.68
25-11-2024,POONDI,2689.45
26-11-2024,POONDI,2706.26
27-11-2024,POONDI,2728.95
28-11-2024,POONDI,2743.77
29-11-2024,POONDI,2766.59
30-11-2024,POONDI,2768.49
01-12-2024,POONDI,2787.6
02-12-2024,POONDI,2803.04
03-12-2024,POONDI,2816.54
04-12-2024,POONDI,2832.0
05-12-2024,POONDI,2837.06
06-12-2024,POONDI,2850.97
07-12-2024,POONDI,2867.75
08-12-2024,POONDI,2890.14
09-12-2024,POONDI,2902.55
10-12-2024,POONDI,2913.51
11-12-2024,POONDI,2926.0
12-12-2024,POONDI,2945.58
13-12-2024,POONDI,2962.22
14-12-2024,POONDI,2974.57
15-12-2024,POONDI,2992.14
16-12-2024,POONDI,3007.62
17-12-2024,POONDI,3027.46
18-12-2024,POONDI,3038.95
19-12-2024,POONDI,3052.32
20-12-2024,POONDI,3065.36
21-12-2024,POONDI,3073.04
22-12-2024,POONDI,3089.52
23-12-2024,POONDI,3105.82
24-12-2024,POONDI,3120.85
25-12-2024,POONDI,3134.68
26-12-2024,POONDI,3142.6
27-12-2024,POONDI,3155.5
28-12-2024,POONDI,3168.78
29-12-2024,POONDI,3179.77
30-12-2024,POONDI,3193.97
31-12-2024,POONDI,3210.99
01-01-2025,POONDI,3217.42
02-01-2025,POONDI,3215.29
03-01-2025,POONDI,3213.58
04-01-2025,POONDI,3210.2
05-01-2025,POONDI,3197.61
06-01-2025,POONDI,3194.48
07-01-2025,POONDI,3191.78
08-01-2025,POONDI,3201.1
09-01-2025,POONDI,3197.13
10-01-2025,POONDI,3195.64
11-01-2025,POONDI,3192.47
12-01-2025,POONDI,3183.62
13-01-2025,POONDI,3186.34
14-01-2025,POONDI,3187.1
15-01-2025,POONDI,3188.05
16-01-2025,POONDI,3180.51
17-01-2025,POONDI,3184.52
18-01-2025,POONDI,3174.51
19-01-2025,POONDI,3174.45
20-01-2025,POONDI,3182.4
21-01-2025,POONDI,3174.45
22-01-2025,POONDI,3168.61
23-01-2025,POONDI,3166.11
24-01-2025,POONDI,3160.59
25-01-2025,POONDI,3149.84
26-01-2025,POONDI,3147.18
27-01-2025,POONDI,3138.87
28-01-2025,POONDI,3138.24
29-01-2025,POONDI,3130.64
30-01-2025,POONDI,3135.39
31-01-2025,POONDI,3128.48
01-02-2025,POONDI,3123.87
02-02-2025,POONDI,3124.93
03-02-2025,POONDI,3115.78
04-02-2025,POONDI,3113.92
05-02-2025,POONDI,3117.45
06-02-2025,POONDI,3106.42
07-02-2025,POONDI,3104.34
08-02-2025,POONDI,3102.64
09-02-2025,POONDI,3103.55
10-02-2025,POONDI,3094.36
11-02-2025,POONDI,3084.76
12-02-2025,POONDI,3084.37
13-02-2025,POONDI,3082.85
14-02-2025,POONDI,3081.11
15-02-2025,POONDI,3079.84
16-02-2025,POONDI,3073.44
17-02-2025,POONDI,3071.6
18-02-2025,POONDI,3070.07
19-02-2025,POONDI,3063.49
20-02-2025,POONDI,3069.82
21-02-2025,POONDI,3069.19
22-02-2025,POONDI,3060.24
23-02-2025,POONDI,3060.52
24-02-2025,POONDI,3052.65
25-02-2025,POONDI,3053.58
26-02-2025,POONDI,3056.37
27-02-2025,POONDI,3049.27
28-02-2025,POONDI,3051.09
01-03-2025,POONDI,3050.15
02-03-2025,POONDI,3051.26
03-03-2025,POONDI,3057.75
04-03-2025,POONDI,3053.52
05-03-2025,POONDI,3046.75
06-03-2025,POONDI,3039.3
07-03-2025,POONDI,3032.22
08-03-2025,POONDI,3028.84
09-03-2025,POONDI,3027.54
10-03-2025,POONDI,3025.93
11-03-2025,POONDI,3027.06
12-03-2025,POONDI,3024.13
13-03-2025,POONDI,3028.4
14-03-2025,POONDI,3024.07
15-03-2025,POONDI,3034.67
16-03-2025,POONDI,3034.8
17-03-2025,POONDI,3027.52
18-03-2025,POONDI,3019.16
19-03-2025,POONDI,3018.57
20-03-2025,POONDI,3014.46
21-03-2025,POONDI,3015.03
22-03-2025,POONDI,3014.39
23-03-2025,POONDI,3011.03
24-03-2025,POONDI,3003.79
25-03-2025,POONDI,2993.22
26-03-2025,POONDI,2987.99
27-03-2025,POONDI,2989.27
28-03-2025,POONDI,2987.34
29-03-2025,POONDI,2978.11
30-03-2025,POONDI,2975.98
31-03-2025,POONDI,2974.9
01-04-2025,POONDI,2967.48
02-04-2025,POONDI,2965.25
03-04-2025,POONDI,2962.54
04-04-2025,POONDI,2953.83
05-04-2025,POONDI,2952.62
06-04-2025,POONDI,2952.42
07-04-2025,POONDI,2954.84
08-04-2025,POONDI,2957.11
09-04-2025,POONDI,2947.22
10-04-2025,POONDI,2939.53
11-04-2025,POONDI,2939.1
12-04-2025,POONDI,2938.67
13-04-2025,POONDI,2938.25
14-04-2025,POONDI,2954.51
15-04-2025,POONDI,2954.37
16-04-2025,POONDI,2957.04
17-04-2025,POONDI,2958.81
18-04-2025,POONDI,2959.07
19-04-2025,POONDI,2954.49
20-04-2025,POONDI,2955.29
21-04-2025,POONDI,2948.43
22-04-2025,POONDI,2944.24
23-04-2025,POONDI,2938.81
24-04-2025,POONDI,2936.22
25-04-2025,POONDI,2944.8
26-04-2025,POONDI,2932.46
27-04-2025,POONDI,2932.89
28-04-2025,POONDI,2921.83
29-04-2025,POONDI,2916.47
30-04-2025,POONDI,2918.91
01-05-2025,POONDI,2916.23
02-05-2025,POONDI,2907.85
03-05-2025,POONDI,2901.27
04-05-2025,POONDI,2901.67
05-05-2025,POONDI,2895.02
06-05-2025,POONDI,2893.1
07-05-2025,POONDI,2890.33
08-05-2025,POONDI,2884.07
09-05-2025,POONDI,2891.79
10-05-2025,POONDI,2891.96
11-05-2025,POONDI,2878.83
12-05-2025,POONDI,2876.76
13-05-2025,POONDI,2870.45
14-05-2025,POONDI,2871.72
15-05-2025,POONDI,2864.75
16-05-2025,POONDI,2861.18
17-05-2025,POONDI,2860.71
18-05-2025,POONDI,2862.03
19-05-2025,POONDI,2853.03
20-05-2025,POONDI,2848.36
21-05-2025,POONDI,2842.99
22-05-2025,POONDI,2836.72
23-05-2025,POONDI,2842.55
24-05-2025,POONDI,2841.57
25-05-2025,POONDI,2832.27
26-05-2025,POONDI,2833.86
27-05-2025,POONDI,2841.47
28-05-2025,POONDI,2843.63
29-05-2025,POONDI,2833.03
30-05-2025,POONDI,2827.61
31-05-2025,POONDI,2830.95
01-06-2025,POONDI,2824.41
02-06-2025,POONDI,2823.63
03-06-2025,POONDI,2824.5
04-06-2025,POONDI,2816.87
05-06-2025,POONDI,2813.57
06-06-2025,POONDI,2794.36
07-06-2025,POONDI,2786.24
08-06-2025,POONDI,2781.98
09-06-2025,POONDI,2772.74
10-06-2025,POONDI,2777.9
11-06-2025,POONDI,2767.75
12-06-2025,POONDI,2762.55
13-06-2025,POONDI,2760.2
14-06-2025,POONDI,2764.41
15-06-2025,POONDI,2754.23
16-06-2025,POONDI,2757.05
17-06-2025,POONDI,2754.1
18-06-2025,POONDI,2746.19
19-06-2025,POONDI,2745.5
20-06-2025,POONDI,2743.49
21-06-2025,POONDI,2737.49
22-06-2025,POONDI,2734.84
23-06-2025,POONDI,2729.92
24-06-2025,POONDI,2727.48
25-06-2025,POONDI,2727.79
26-06-2025,POONDI,2732.72
27-06-2025,POONDI,2723.54
28-06-2025,POONDI,2731.2
29-06-2025,POONDI,2718.44
30-06-2025,POONDI,2714.68
01-07-2025,POONDI,2714.62
02-07-2025,POONDI,2713.03
03-07-2025,POONDI,2706.91
04-07-2025,POONDI,2702.87
05-07-2025,POONDI,2697.41
06-07-2025,POONDI,2691.46
07-07-2025,POONDI,2692.71
08-07-2025,POONDI,2691.49
09-07-2025,POONDI,2685.03
10-07-2025,POONDI,2686.53
11-07-2025,POONDI,2685.06
12-07-2025,POONDI,2686.13
13-07-2025,POONDI,2686.28
14-07-2025,POONDI,2679.13
15-07-2025,POONDI,2673.33
16-07-2025,POONDI,2674.07
17-07-2025,POONDI,2674.12
18-07-2025,POONDI,2671.02
19-07-2025,POONDI,2668.6
20-07-2025,POONDI,2671.99
21-07-2025,POONDI,2666.03
22-07-2025,POONDI,2665.77
23-07-2025,POONDI,2661.76
24-07-2025,POONDI,2657.67
25-07-2025,POONDI,2660.16
26-07-2025,POONDI,2661.29
27-07-2025,POONDI,2662.36
28-07-2025,POONDI,2665.88
29-07-2025,POONDI,2662.99
30-07-2025,POONDI,2663.4
31-07-2025,POONDI,2658.85
01-08-2025,POONDI,2657.47
02-08-2025,POONDI,2653.82
03-08-2025,POONDI,2651.3
04-08-2025,POONDI,2651.28
05-08-2025,POONDI,2644.19
06-08-2025,POONDI,2651.65
07-08-2025,POONDI,2643.62
08-08-2025,POONDI,2634.55
09-08-2025,POONDI,2637.34
10-08-2025,POONDI,2638.3
11-08-2025,POONDI,2638.42
12-08-2025,POONDI,2638.56
13-08-2025,POONDI,2635.5
14-08-2025,POONDI,2628.01
15-08-2025,POONDI,2625.39
16-08-2025,POONDI,2619.01
17-08-2025,POONDI,2620.88
18-08-2025,POONDI,2617.15
19-08-2025,POONDI,2610.02
20-08-2025,POONDI,2605.41
21-08-2025,POONDI,2604.48
22-08-2025,POONDI,2598.66
23-08-2025,POONDI,2591.55
24-08-2025,POONDI,2589.76
25-08-2025,POONDI,2587.99
26-08-2025,POONDI,2582.45
27-08-2025,POONDI,2577.1
28-08-2025,POONDI,2575.26
29-08-2025,POONDI,2565.02
30-08-2025,POONDI,2554.98
31-08-2025,POONDI,2548.39
01-09-2025,POONDI,2544.32
02-09-2025,POONDI,2542.88
03-09-2025,POONDI,2547.25
04-09-2025,POONDI,2548.54
05-09-2025,POONDI,2544.74
06-09-2025,POONDI,2541.65
07-09-2025,POONDI,2533.63
08-09-2025,POONDI,2530.54
09-09-2025,POONDI,2526.1
10-09-2025,POONDI,2524.71
11-09-2025,POONDI,2517.58
12-09-2025,POONDI,2517.17
13-09-2025,POONDI,2521.84
14-09-2025,POONDI,2518.29
15-09-2025,POONDI,2517.3
16-09-2025,POONDI,2517.75
17-09-2025,POONDI,2512.75
18-09-2025,POONDI,2510.87
19-09-2025,POONDI,2507.93
20-09-2025,POONDI,2505.42
21-09-2025,POONDI,2498.55
22-09-2025,POONDI,2495.68
23-09-2025,POONDI,2495.17
24-09-2025,POONDI,2499.42
25-09-2025,POONDI,2501.22
26-09-2025,POONDI,2508.98
27-09-2025,POONDI,2502.15
28-09-2025,POONDI,2503.51
29-09-2025,POONDI,2501.42
30-09-2025,POONDI,2509.37
01-10-2025,POONDI,2520.33
02-10-2025,POONDI,2531.13
03-10-2025,POONDI,2543.14
04-10-2025,POONDI,2547.52
05-10-2025,POONDI,2559.89
06-10-2025,POONDI,2571.09
07-10-2025,POONDI,2586.84
08-10-2025,POONDI,2603.55
09-10-2025,POONDI,2627.93
10-10-2025,POONDI,2647.69
11-10-2025,POONDI,2659.8
12-10-2025,POONDI,2670.31
13-10-2025,POONDI,2687.77
14-10-2025,POONDI,2696.17
15-10-2025,POONDI,2720.33
16-10-2025,POONDI,2741.22
17-10-2025,POONDI,2753.88
18-10-2025,POONDI,2760.31
19-10-2025,POONDI,2782.08
20-10-2025,POONDI,2796.51
21-10-2025,POONDI,2817.7
22-10-2025,POONDI,2824.73
23-10-2025,POONDI,2836.73
24-10-2025,POONDI,2851.75
25-10-2025,POONDI,2866.99
26-10-2025,POONDI,2879.74
27-10-2025,POONDI,2897.85
28-10-2025,POONDI,2907.52
29-10-2025,POONDI,2921.8
30-10-2025,POONDI,2937.4
31-10-2025,POONDI,2954.98
01-11-2025,POONDI,2973.53
02-11-2025,POONDI,2982.91
03-11-2025,POONDI,2990.24
04-11-2025,POONDI,3011.63
05-11-2025,POONDI,3028.29
06-11-2025,POONDI,3039.55
07-11-2025,POONDI,3062.3
08-11-2025,POONDI,3077.88
09-11-2025,POONDI,3098.78
10-11-2025,POONDI,3114.12
11-11-2025,POONDI,3139.42
12-11-2025,POONDI,3163.2
13-11-2025,POONDI,3176.95
14-11-2025,POONDI,3196.81
15-11-2025,POONDI,3215.04
16-11-2025,POONDI,3231.0
17-11-2025,POONDI,3231.0
18-11-2025,POONDI,3231.0
19-11-2025,POONDI,3231.0
20-11-2025,POONDI,3231.0
21-11-2025,POONDI,3231.0
22-11-2025,POONDI,3231.0
23-11-2025,POONDI,3231.0
24-11-2025,POONDI,3231.0
25-11-2025,POONDI,3231.0
26-11-2025,POONDI,3231.0
27-11-2025,POONDI,3231.0
28-11-2025,POONDI,3231.0
29-11-2025,POONDI,3231.0
30-11-2025,POONDI,3231.0
01-12-2025,POONDI,3231.0
02-12-2025,POONDI,3231.0
03-12-2025,POONDI,3231.0
04-12-2025,POONDI,3231.0
05-12-2025,POONDI,3231.0
06-12-2025,POONDI,3231.0
07-12-2025,POONDI,3231.0
08-12-2025,POONDI,3231.0
09-12-2025,POONDI,3231.0
10-12-2025,POONDI,3231.0
11-12-2025,POONDI,3231.0
12-12-2025,POONDI,3231.0
13-12-2025,POONDI,3231.0
14-12-2025,POONDI,3231.0
15-12-2025,POONDI,3231.0
16-12-2025,POONDI,3231.0
17-12-2025,POONDI,3231.0
18-12-2025,POONDI,3231.0
19-12-2025,POONDI,3231.0
20-12-2025,POONDI,3231.0
21-12-2025,POONDI,3231.0
22-12-2025,POONDI,3231.0
23-12-2025,POONDI,3231.0
24-12-2025,POONDI,3231.0
25-12-2025,POONDI,3231.0
26-12-2025,POONDI,3231.0
27-12-2025,POONDI,3231.0
28-12-2025,POONDI,3231.0
29-12-2025,POONDI,3231.0
30-12-2025,POONDI,3231.0
31-12-2025,POONDI,3231.0
01-01-2026,POONDI,3216.49
02-01-2026,POONDI,3205.91
03-01-2026,POONDI,3209.75
04-01-2026,POONDI,3214.97
05-01-2026,POONDI,3210.73
06-01-2026,POONDI,3210.61
07-01-2026,POONDI,3209.17
08-01-2026,POONDI,3221.56
09-01-2026,POONDI,3224.16
10-01-2026,POONDI,3220.52
11-01-2026,POONDI,3212.74
12-01-2026,POONDI,3201.71
13-01-2026,POONDI,3199.73
14-01-2026,POONDI,3192.95
15-01-2026,POONDI,3182.83
16-01-2026,POONDI,3176.6
17-01-2026,POONDI,3168.19
18-01-2026,POONDI,3173.63
19-01-2026,POONDI,3175.04
20-01-2026,POONDI,3172.0
21-01-2026,POONDI,3176.4
22-01-2026,POONDI,3173.78
23-01-2026,POONDI,3166.48
24-01-2026,POONDI,3171.09
25-01-2026,POONDI,3170.79
26-01-2026,POONDI,3162.6
27-01-2026,POONDI,3158.65
28-01-2026,POONDI,3151.27
29-01-2026,POONDI,3141.36
30-01-2026,POONDI,3142.99
31-01-2026,POONDI,3149.54
01-02-2026,POONDI,3139.54
02-02-2026,POONDI,3139.36
03-02-2026,POONDI,3133.11
04-02-2026,POONDI,3127.67
05-02-2026,POONDI,3121.71
06-02-2026,POONDI,3114.39
07-02-2026,POONDI,3111.63
08-02-2026,POONDI,3104.48
09-02-2026,POONDI,3102.83
10-02-2026,POONDI,3099.58
11-02-2026,POONDI,3095.38
12-02-2026,POONDI,3087.84
13-02-2026,POONDI,3081.96
14-02-2026,POONDI,3082.74
15-02-2026,POONDI,3082.24
16-02-2026,POONDI,3074.35
17-02-2026,POONDI,3071.85
18-02-2026,POONDI,3072.61
19-02-2026,POONDI,3061.26
20-02-2026,POONDI,3060.98
21-02-2026,POONDI,3054.66
22-02-2026,POONDI,3054.52
23-02-2026,POONDI,3047.7
24-02-2026,POONDI,3035.68
25-02-2026,POONDI,3024.54
26-02-2026,POONDI,3021.78
27-02-2026,POONDI,3020.08
28-02-2026,POONDI,3012.56
01-03-2026,POONDI,3012.75
02-03-2026,POONDI,3001.44
03-03-2026,POONDI,2998.11
04-03-2026,POONDI,2989.06
05-03-2026,POONDI,2982.8
06-03-2026,POONDI,2980.03
07-03-2026,POONDI,2972.73
08-03-2026,POONDI,2967.81
09-03-2026,POONDI,2969.84
10-03-2026,POONDI,2963.96
11-03-2026,POONDI,2965.13
12-03-2026,POONDI,2956.49
13-03-2026,POONDI,2956.13
14-03-2026,POONDI,2960.34
15-03-2026,POONDI,2944.98
16-03-2026,POONDI,2938.0
17-03-2026,POONDI,2937.89
18-03-2026,POONDI,2933.87
19-03-2026,POONDI,2932.73
20-03-2026,POONDI,2926.71
21-03-2026,POONDI,2924.14
22-03-2026,POONDI,2920.36
23-03-2026,POONDI,2923.2
24-03-2026,POONDI,2921.47
25-03-2026,POONDI,2920.16
26-03-2026,POONDI,2915.1
27-03-2026,POONDI,2909.66
28-03-2026,POONDI,2904.5
29-03-2026,POONDI,2903.47
30-03-2026,POONDI,2898.37
31-03-2026,POONDI,2896.82
01-04-2026,POONDI,2904.19
02-04-2026,POONDI,2905.55
03-04-2026,POONDI,2900.92
04-04-2026,POONDI,2903.92
05-04-2026,POONDI,2898.88
06-04-2026,POONDI,2885.69
07-04-2026,POONDI,2877.65
08-04-2026,POONDI,2865.3
09-04-2026,POONDI,2860.54
10-04-2026,POONDI,2857.63
11-04-2026,POONDI,2863.02
12-04-2026,POONDI,2861.65
13-04-2026,POONDI,2857.55
14-04-2026,POONDI,2858.7
15-04-2026,POONDI,2844.65
16-04-2026,POONDI,2842.82
17-04-2026,POONDI,2843.68
18-04-2026,POONDI,2833.29
19-04-2026,POONDI,2836.0
20-04-2026,POONDI,2834.7
21-04-2026,POONDI,2829.62
22-04-2026,POONDI,2829.78
23-04-2026,POONDI,2838.14
24-04-2026,POONDI,2836.05
25-04-2026,POONDI,2834.29
26-04-2026,POONDI,2828.99
27-04-2026,POONDI,2821.74
28-04-2026,POONDI,2822.89
29-04-2026,POONDI,2815.61
30-04-2026,POONDI,2812.97
01-05-2026,POONDI,2807.58
02-05-2026,POONDI,2806.98
03-05-2026,POONDI,2805.65
04-05-2026,POONDI,2807.83
05-05-2026,POONDI,2802.28
06-05-2026,POONDI,2797.93
07-05-2026,POONDI,2790.04
08-05-2026,POONDI,2784.82
09-05-2026,POONDI,2783.71
10-05-2026,POONDI,2784.49
11-05-2026,POONDI,2776.88
12-05-2026,POONDI,2778.23
13-05-2026,POONDI,2782.01
14-05-2026,POONDI,2781.07
15-05-2026,POONDI,2787.46
16-05-2026,POONDI,2780.59
17-05-2026,POONDI,2771.36
18-05-2026,POONDI,2759.47
19-05-2026,POONDI,2763.95
20-05-2026,POONDI,2764.22
21-05-2026,POONDI,2760.95
22-05-2026,POONDI,2759.35
23-05-2026,POONDI,2750.72
24-05-2026,POONDI,2759.95
25-05-2026,POONDI,2757.59
26-05-2026,POONDI,2755.14
27-05-2026,POONDI,2755.77
28-05-2026,POONDI,2755.17
29-05-2026,POONDI,2753.29
30-05-2026,POONDI,2746.34
31-05-2026,POONDI,2745.7
01-06-2026,POONDI,2752.11
02-06-2026,POONDI,2755.84
03-06-2026,POONDI,2760.8
04-06-2026,POONDI,2755.24
05-06-2026,POONDI,2747.3
06-06-2026,POONDI,2743.67
07-06-2026,POONDI,2740.95
08-06-2026,POONDI,2743.42
09-06-2026,POONDI,2731.96
10-06-2026,POONDI,2736.6
11-06-2026,POONDI,2732.81
12-06-2026,POONDI,2727.68
13-06-2026,POONDI,2719.62
14-06-2026,POONDI,2708.34
15-06-2026,POONDI,2709.46
16-06-2026,POONDI,2706.83
17-06-2026,POONDI,2697.38
18-06-2026,POONDI,2687.9
19-06-2026,POONDI,2683.22
20-06-2026,POONDI,2688.57
21-06-2026,POONDI,2684.27
22-06-2026,POONDI,2673.75
23-06-2026,POONDI,2669.52
24-06-2026,POONDI,2665.16
25-06-2026,POONDI,2648.68
26-06-2026,POONDI,2645.41
27-06-2026,POONDI,2641.25
28-06-2026,POONDI,2641.73
29-06-2026,POONDI,2647.98
30-06-2026,POONDI,2650.61
01-07-2026,POONDI,2646.26
02-07-2026,POONDI,2637.73
03-07-2026,POONDI,2647.6
04-07-2026,POONDI,2644.89
05-07-2026,POONDI,2641.96
06-07-2026,POONDI,2638.84
07-07-2026,POONDI,2636.83
08-07-2026,POONDI,2633.11
09-07-2026,POONDI,2627.24
10-07-2026,POONDI,2621.51
11-07-2026,POONDI,2618.35
12-07-2026,POONDI,2612.63
13-07-2026,POONDI,2606.06
14-07-2026,POONDI,2603.6
15-07-2026,POONDI,2599.32
16-07-2026,POONDI,2603.84
17-07-2026,POONDI,2587.59
18-07-2026,POONDI,2590.04
19-07-2026,POONDI,2593.28
20-07-2026,POONDI,2579.91
21-07-2026,POONDI,2575.19
22-07-2026,POONDI,2570.34
23-07-2026,POONDI,2560.3
24-07-2026,POONDI,2553.41
25-07-2026,POONDI,2544.86
26-07-2026,POONDI,2550.62
27-07-2026,POONDI,2552.3
28-07-2026,POONDI,2555.66
29-07-2026,POONDI,2556.26
30-07-2026,POONDI,2547.62
31-07-2026,POONDI,2542.0
01-08-2026,POONDI,2541.44
02-08-2026,POONDI,2532.33
03-08-2026,POONDI,2532.9
04-08-2026,POONDI,2528.7
05-08-2026,POONDI,2523.82
06-08-2026,POONDI,2524.38
07-08-2026,POONDI,2523.6
08-08-2026,POONDI,2518.79
09-08-2026,POONDI,2521.59
10-08-2026,POONDI,2513.18
11-08-2026,POONDI,2513.26
12-08-2026,POONDI,2513.23
13-08-2026,POONDI,2508.68
14-08-2026,POONDI,2507.31
15-08-2026,POONDI,2498.06
16-08-2026,POONDI,2499.68
17-08-2026,POONDI,2495.75
18-08-2026,POONDI,2490.14
19-08-2026,POONDI,2492.38
20-08-2026,POONDI,2485.86
21-08-2026,POONDI,2475.82
22-08-2026,POONDI,2465.04
23-08-2026,POONDI,2465.07
24-08-2026,POONDI,2455.66
25-08-2026,POONDI,2461.44
26-08-2026,POONDI,2448.03
27-08-2026,POONDI,2453.51
28-08-2026,POONDI,2451.57
29-08-2026,POONDI,2448.08
30-08-2026,POONDI,2442.36
31-08-2026,POONDI,2441.35
01-09-2026,POONDI,2438.17
02-09-2026,POONDI,2440.68
03-09-2026,POONDI,2438.25
04-09-2026,POONDI,2436.0
05-09-2026,POONDI,2431.19
06-09-2026,POONDI,2427.9
07-09-2026,POONDI,2426.44
08-09-2026,POONDI,2414.89
09-09-2026,POONDI,2405.15
10-09-2026,POONDI,2405.87
11-09-2026,POONDI,2403.72
12-09-2026,POONDI,2399.8
13-09-2026,POONDI,2396.89
14-09-2026,POONDI,2395.63
15-09-2026,POONDI,2389.93
16-09-2026,POONDI,2383.04
17-09-2024,CHOLAVARAM,646.58
18-09-2024,CHOLAVARAM,638.69
19-09-2024,CHOLAVARAM,637.73
20-09-2024,CHOLAVARAM,626.22
21-09-2024,CHOLAVARAM,628.36
22-09-2024,CHOLAVARAM,627.72
23-09-2024,CHOLAVARAM,626.0
24-09-2024,CHOLAVARAM,627.92
25-09-2024,CHOLAVARAM,633.25
26-09-2024,CHOLAVARAM,635.32
27-09-2024,CHOLAVARAM,623.11
28-09-2024,CHOLAVARAM,613.72
29-09-2024,CHOLAVARAM,607.59
30-09-2024,CHOLAVARAM,604.72
01-10-2024,CHOLAVARAM,622.31
02-10-2024,CHOLAVARAM,633.68
03-10-2024,CHOLAVARAM,649.61
04-10-2024,CHOLAVARAM,660.84
05-10-2024,CHOLAVARAM,672.78
06-10-2024,CHOLAVARAM,680.75
07-10-2024,CHOLAVARAM,691.13
08-10-2024,CHOLAVARAM,699.37
09-10-2024,CHOLAVARAM,709.49
10-10-2024,CHOLAVARAM,729.76
11-10-2024,CHOLAVARAM,740.01
12-10-2024,CHOLAVARAM,768.18
13-10-2024,CHOLAVARAM,785.64
14-10-2024,CHOLAVARAM,801.57
15-10-2024,CHOLAVARAM,812.28
16-10-2024,CHOLAVARAM,830.78
17-10-2024,CHOLAVARAM,842.9
18-10-2024,CHOLAVARAM,858.51
19-10-2024,CHOLAVARAM,886.31
20-10-2024,CHOLAVARAM,900.83
21-10-2024,CHOLAVARAM,921.58
22-10-2024,CHOLAVARAM,933.06
23-10-2024,CHOLAVARAM,947.88
24-10-2024,CHOLAVARAM,971.74
25-10-2024,CHOLAVARAM,983.6
26-10-2024,CHOLAVARAM,1007.67
27-10-2024,CHOLAVARAM,1026.2
28-10-2024,CHOLAVARAM,1038.39
29-10-2024,CHOLAVARAM,1056.55
30-10-2024,CHOLAVARAM,1076.42
31-10-2024,CHOLAVARAM,1081.0
01-11-2024,CHOLAVARAM,1081.0
02-11-2024,CHOLAVARAM,1081.0
03-11-2024,CHOLAVARAM,1081.0
04-11-2024,CHOLAVARAM,1081.0
05-11-2024,CHOLAVARAM,1081.0
06-11-2024,CHOLAVARAM,1081.0
07-11-2024,CHOLAVARAM,1081.0
08-11-2024,CHOLAVARAM,1081.0
09-11-2024,CHOLAVARAM,1081.0
10-11-2024,CHOLAVARAM,1081.0
11-11-2024,CHOLAVARAM,1081.0
12-11-2024,CHOLAVARAM,1081.0
13-11-2024,CHOLAVARAM,1081.0
14-11-2024,CHOLAVARAM,1081.0
15-11-2024,CHOLAVARAM,1081.0
16-11-2024,CHOLAVARAM,1081.0
17-11-2024,CHOLAVARAM,1081.0
18-11-2024,CHOLAVARAM,1081.0
19-11-2024,CHOLAVARAM,1081.0
20-11-2024,CHOLAVARAM,1081.0
21-11-2024,CHOLAVARAM,1081.0
22-11-2024,CHOLAVARAM,1081.0
23-11-2024,CHOLAVARAM,1081.0
24-11-2024,CHOLAVARAM,1081.0
25-11-2024,CHOLAVARAM,1081.0
26-11-2024,CHOLAVARAM,1081.0
27-11-2024,CHOLAVARAM,1081.0
28-11-2024,CHOLAVARAM,1081.0
29-11-2024,CHOLAVARAM,1081.0
30-11-2024,CHOLAVARAM,1081.0
01-12-2024,CHOLAVARAM,1081.0
02-12-2024,CHOLAVARAM,1081.0
03-12-2024,CHOLAVARAM,1081.0
04-12-2024,CHOLAVARAM,1081.0
05-12-2024,CHOLAVARAM,1081.0
06-12-2024,CHOLAVARAM,1081.0
07-12-2024,CHOLAVARAM,1081.0
08-12-2024,CHOLAVARAM,1081.0
09-12-2024,CHOLAVARAM,1081.0
10-12-2024,CHOLAVARAM,1081.0
11-12-2024,CHOLAVARAM,1081.0
12-12-2024,CHOLAVARAM,1081.0
13-12-2024,CHOLAVARAM,1081.0
14-12-2024,CHOLAVARAM,1081.0
15-12-2024,CHOLAVARAM,1081.0
16-12-2024,CHOLAVARAM,1081.0
17-12-2024,CHOLAVARAM,1081.0
18-12-2024,CHOLAVARAM,1081.0
19-12-2024,CHOLAVARAM,1081.0
20-12-2024,CHOLAVARAM,1081.0
21-12-2024,CHOLAVARAM,1081.0
22-12-2024,CHOLAVARAM,1081.0
23-12-2024,CHOLAVARAM,1081.0
24-12-2024,CHOLAVARAM,1081.0
25-12-2024,CHOLAVARAM,1081.0
26-12-2024,CHOLAVARAM,1081.0
27-12-2024,CHOLAVARAM,1081.0
28-12-2024,CHOLAVARAM,1081.0
29-12-2024,CHOLAVARAM,1081.0
30-12-2024,CHOLAVARAM,1081.0
31-12-2024,CHOLAVARAM,1081.0
01-01-2025,CHOLAVARAM,1081.0
02-01-2025,CHOLAVARAM,1073.01
03-01-2025,CHOLAVARAM,1074.93
04-01-2025,CHOLAVARAM,1070.86
05-01-2025,CHOLAVARAM,1067.61
06-01-2025,CHOLAVARAM,1067.99
07-01-2025,CHOLAVARAM,1059.37
08-01-2025,CHOLAVARAM,1058.29
09-01-2025,CHOLAVARAM,1056.12
10-01-2025,CHOLAVARAM,1055.58
11-01-2025,CHOLAVARAM,1054.03
12-01-2025,CHOLAVARAM,1063.3
13-01-2025,CHOLAVARAM,1057.11
14-01-2025,CHOLAVARAM,1051.46
15-01-2025,CHOLAVARAM,1045.34
16-01-2025,CHOLAVARAM,1039.57
17-01-2025,CHOLAVARAM,1033.38
18-01-2025,CHOLAVARAM,1036.32
19-01-2025,CHOLAVARAM,1040.43
20-01-2025,CHOLAVARAM,1034.57
21-01-2025,CHOLAVARAM,1027.41
22-01-2025,CHOLAVARAM,1026.77
23-01-2025,CHOLAVARAM,1021.01
24-01-2025,CHOLAVARAM,1021.17
25-01-2025,CHOLAVARAM,1019.19
26-01-2025,CHOLAVARAM,1008.61
27-01-2025,CHOLAVARAM,1013.34
28-01-2025,CHOLAVARAM,1019.32
29-01-2025,CHOLAVARAM,1013.26
30-01-2025,CHOLAVARAM,1008.32
31-01-2025,CHOLAVARAM,1006.75
01-02-2025,CHOLAVARAM,1005.42
02-02-2025,CHOLAVARAM,1005.72
03-02-2025,CHOLAVARAM,1012.77
04-02-2025,CHOLAVARAM,1008.88
05-02-2025,CHOLAVARAM,1001.89
06-02-2025,CHOLAVARAM,991.99
07-02-2025,CHOLAVARAM,985.34
08-02-2025,CHOLAVARAM,982.17
09-02-2025,CHOLAVARAM,988.15
10-02-2025,CHOLAVARAM,982.56
11-02-2025,CHOLAVARAM,980.68
12-02-2025,CHOLAVARAM,977.6
13-02-2025,CHOLAVARAM,980.54
14-02-2025,CHOLAVARAM,990.17
15-02-2025,CHOLAVARAM,984.52
16-02-2025,CHOLAVARAM,979.07
17-02-2025,CHOLAVARAM,981.29
18-02-2025,CHOLAVARAM,981.7
19-02-2025,CHOLAVARAM,987.93
20-02-2025,CHOLAVARAM,987.85
21-02-2025,CHOLAVARAM,983.06
22-02-2025,CHOLAVARAM,983.01
23-02-2025,CHOLAVARAM,985.55
24-02-2025,CHOLAVARAM,986.66
25-02-2025,CHOLAVARAM,986.19
26-02-2025,CHOLAVARAM,988.53
27-02-2025,CHOLAVARAM,991.37
28-02-2025,CHOLAVARAM,995.28
01-03-2025,CHOLAVARAM,995.53
02-03-2025,CHOLAVARAM,991.69
03-03-2025,CHOLAVARAM,989.42
04-03-2025,CHOLAVARAM,992.46
05-03-2025,CHOLAVARAM,985.37
06-03-2025,CHOLAVARAM,984.22
07-03-2025,CHOLAVARAM,979.25
08-03-2025,CHOLAVARAM,976.39
09-03-2025,CHOLAVARAM,979.79
10-03-2025,CHOLAVARAM,977.74
11-03-2025,CHOLAVARAM,974.97
12-03-2025,CHOLAVARAM,965.17
13-03-2025,CHOLAVARAM,965.91
14-03-2025,CHOLAVARAM,966.13
15-03-2025,CHOLAVARAM,973.95
16-03-2025,CHOLAVARAM,969.41
17-03-2025,CHOLAVARAM,967.51
18-03-2025,CHOLAVARAM,965.75
19-03-2025,CHOLAVARAM,970.64
20-03-2025,CHOLAVARAM,967.16
21-03-2025,CHOLAVARAM,965.56
22-03-2025,CHOLAVARAM,965.6
23-03-2025,CHOLAVARAM,963.53
24-03-2025,CHOLAVARAM,958.3
25-03-2025,CHOLAVARAM,956.27
26-03-2025,CHOLAVARAM,958.64
27-03-2025,CHOLAVARAM,950.5
28-03-2025,CHOLAVARAM,948.17
29-03-2025,CHOLAVARAM,941.67
30-03-2025,CHOLAVARAM,944.64
31-03-2025,CHOLAVARAM,934.03
01-04-2025,CHOLAVARAM,928.23
02-04-2025,CHOLAVARAM,927.12
03-04-2025,CHOLAVARAM,931.95
04-04-2025,CHOLAVARAM,928.62
05-04-2025,CHOLAVARAM,922.84
06-04-2025,CHOLAVARAM,929.25
07-04-2025,CHOLAVARAM,919.01
08-04-2025,CHOLAVARAM,905.01
09-04-2025,CHOLAVARAM,904.21
10-04-2025,CHOLAVARAM,898.7
11-04-2025,CHOLAVARAM,890.6
12-04-2025,CHOLAVARAM,891.14
13-04-2025,CHOLAVARAM,889.36
14-04-2025,CHOLAVARAM,883.54
15-04-2025,CHOLAVARAM,874.14
16-04-2025,CHOLAVARAM,875.5
17-04-2025,CHOLAVARAM,875.75
18-04-2025,CHOLAVARAM,872.25
19-04-2025,CHOLAVARAM,878.49
20-04-2025,CHOLAVARAM,870.14
21-04-2025,CHOLAVARAM,859.51
22-04-2025,CHOLAVARAM,853.05
23-04-2025,CHOLAVARAM,849.82
24-04-2025,CHOLAVARAM,848.04
25-04-2025,CHOLAVARAM,843.83
26-04-2025,CHOLAVARAM,842.59
27-04-2025,CHOLAVARAM,833.34
28-04-2025,CHOLAVARAM,837.55
29-04-2025,CHOLAVARAM,834.14
30-04-2025,CHOLAVARAM,836.73
01-05-2025,CHOLAVARAM,835.44
02-05-2025,CHOLAVARAM,834.73
03-05-2025,CHOLAVARAM,834.58
04-05-2025,CHOLAVARAM,833.81
05-05-2025,CHOLAVARAM,834.03
06-05-2025,CHOLAVARAM,837.67
07-05-2025,CHOLAVARAM,835.66
08-05-2025,CHOLAVARAM,836.2
09-05-2025,CHOLAVARAM,832.75
10-05-2025,CHOLAVARAM,836.95
11-05-2025,CHOLAVARAM,830.57
12-05-2025,CHOLAVARAM,836.58
13-05-2025,CHOLAVARAM,833.38
14-05-2025,CHOLAVARAM,823.22
15-05-2025,CHOLAVARAM,820.86
16-05-2025,CHOLAVARAM,814.46
17-05-2025,CHOLAVARAM,815.66
18-05-2025,CHOLAVARAM,809.4
19-05-2025,CHOLAVARAM,804.17
20-05-2025,CHOLAVARAM,791.72
21-05-2025,CHOLAVARAM,786.46
22-05-2025,CHOLAVARAM,771.34
23-05-2025,CHOLAVARAM,760.42
24-05-2025,CHOLAVARAM,761.22
25-05-2025,CHOLAVARAM,762.15
26-05-2025,CHOLAVARAM,761.28
27-05-2025,CHOLAVARAM,753.44
28-05-2025,CHOLAVARAM,750.2
29-05-2025,CHOLAVARAM,747.18
30-05-2025,CHOLAVARAM,738.39
31-05-2025,CHOLAVARAM,742.91
01-06-2025,CHOLAVARAM,744.3
02-06-2025,CHOLAVARAM,740.19
03-06-2025,CHOLAVARAM,737.33
04-06-2025,CHOLAVARAM,735.37
05-06-2025,CHOLAVARAM,722.16
06-06-2025,CHOLAVARAM,717.92
07-06-2025,CHOLAVARAM,711.51
08-06-2025,CHOLAVARAM,703.51
09-06-2025,CHOLAVARAM,699.1
10-06-2025,CHOLAVARAM,705.09
11-06-2025,CHOLAVARAM,705.29
12-06-2025,CHOLAVARAM,699.44
13-06-2025,CHOLAVARAM,699.3
14-06-2025,CHOLAVARAM,703.3
15-06-2025,CHOLAVARAM,704.92
16-06-2025,CHOLAVARAM,702.22
17-06-2025,CHOLAVARAM,695.98
18-06-2025,CHOLAVARAM,696.47
19-06-2025,CHOLAVARAM,695.44
20-06-2025,CHOLAVARAM,696.92
21-06-2025,CHOLAVARAM,697.09
22-06-2025,CHOLAVARAM,699.34
23-06-2025,CHOLAVARAM,693.67
24-06-2025,CHOLAVARAM,697.25
25-06-2025,CHOLAVARAM,695.24
26-06-2025,CHOLAVARAM,702.62
27-06-2025,CHOLAVARAM,696.17
28-06-2025,CHOLAVARAM,701.85
29-06-2025,CHOLAVARAM,699.84
30-06-2025,CHOLAVARAM,693.58
01-07-2025,CHOLAVARAM,688.16
02-07-2025,CHOLAVARAM,683.56
03-07-2025,CHOLAVARAM,682.68
04-07-2025,CHOLAVARAM,682.3
05-07-2025,CHOLAVARAM,676.43
06-07-2025,CHOLAVARAM,673.31
07-07-2025,CHOLAVARAM,681.02
08-07-2025,CHOLAVARAM,686.66
09-07-2025,CHOLAVARAM,685.84
10-07-2025,CHOLAVARAM,683.03
11-07-2025,CHOLAVARAM,680.63
12-07-2025,CHOLAVARAM,680.69
13-07-2025,CHOLAVARAM,672.58
14-07-2025,CHOLAVARAM,668.29
15-07-2025,CHOLAVARAM,656.95
16-07-2025,CHOLAVARAM,655.95
17-07-2025,CHOLAVARAM,656.18
18-07-2025,CHOLAVARAM,650.77
19-07-2025,CHOLAVARAM,655.64
20-07-2025,CHOLAVARAM,646.51
21-07-2025,CHOLAVARAM,636.19
22-07-2025,CHOLAVARAM,634.31
23-07-2025,CHOLAVARAM,636.54
24-07-2025,CHOLAVARAM,641.96
25-07-2025,CHOLAVARAM,636.67
26-07-2025,CHOLAVARAM,639.06
27-07-2025,CHOLAVARAM,635.87
28-07-2025,CHOLAVARAM,632.01
29-07-2025,CHOLAVARAM,633.43
30-07-2025,CHOLAVARAM,633.69
31-07-2025,CHOLAVARAM,622.81
01-08-2025,CHOLAVARAM,627.19
02-08-2025,CHOLAVARAM,631.09
03-08-2025,CHOLAVARAM,624.96
04-08-2025,CHOLAVARAM,623.94
05-08-2025,CHOLAVARAM,623.41
06-08-2025,CHOLAVARAM,621.71
07-08-2025,CHOLAVARAM,615.96
08-08-2025,CHOLAVARAM,609.6
09-08-2025,CHOLAVARAM,606.48
10-08-2025,CHOLAVARAM,609.34
11-08-2025,CHOLAVARAM,609.06
12-08-2025,CHOLAVARAM,604.2
13-08-2025,CHOLAVARAM,605.06
14-08-2025,CHOLAVARAM,587.82
15-08-2025,CHOLAVARAM,590.56
16-08-2025,CHOLAVARAM,578.87
17-08-2025,CHOLAVARAM,574.05
18-08-2025,CHOLAVARAM,565.45
19-08-2025,CHOLAVARAM,555.98
20-08-2025,CHOLAVARAM,558.79
21-08-2025,CHOLAVARAM,553.45
22-08-2025,CHOLAVARAM,552.18
23-08-2025,CHOLAVARAM,548.94
24-08-2025,CHOLAVARAM,548.33
25-08-2025,CHOLAVARAM,545.71
26-08-2025,CHOLAVARAM,536.3
27-08-2025,CHOLAVARAM,538.28
28-08-2025,CHOLAVARAM,532.81
29-08-2025,CHOLAVARAM,522.03
30-08-2025,CHOLAVARAM,516.89
31-08-2025,CHOLAVARAM,521.39
01-09-2025,CHOLAVARAM,522.64
02-09-2025,CHOLAVARAM,517.9
03-09-2025,CHOLAVARAM,513.15
04-09-2025,CHOLAVARAM,508.55
05-09-2025,CHOLAVARAM,515.93
06-09-2025,CHOLAVARAM,514.84
07-09-2025,CHOLAVARAM,513.99
08-09-2025,CHOLAVARAM,516.14
09-09-2025,CHOLAVARAM,514.33
10-09-2025,CHOLAVARAM,510.04
11-09-2025,CHOLAVARAM,506.06
12-09-2025,CHOLAVARAM,502.7
13-09-2025,CHOLAVARAM,499.51
14-09-2025,CHOLAVARAM,500.15
15-09-2025,CHOLAVARAM,497.41
16-09-2025,CHOLAVARAM,498.07
17-09-2025,CHOLAVARAM,494.67
18-09-2025,CHOLAVARAM,492.06
19-09-2025,CHOLAVARAM,479.07
20-09-2025,CHOLAVARAM,480.65
21-09-2025,CHOLAVARAM,479.39
22-09-2025,CHOLAVARAM,481.38
23-09-2025,CHOLAVARAM,463.9
24-09-2025,CHOLAVARAM,471.34
25-09-2025,CHOLAVARAM,467.64
26-09-2025,CHOLAVARAM,470.18
27-09-2025,CHOLAVARAM,461.98
28-09-2025,CHOLAVARAM,462.04
29-09-2025,CHOLAVARAM,453.78
30-09-2025,CHOLAVARAM,447.66
01-10-2025,CHOLAVARAM,472.23
02-10-2025,CHOLAVARAM,486.28
03-10-2025,CHOLAVARAM,502.36
04-10-2025,CHOLAVARAM,521.71
05-10-2025,CHOLAVARAM,539.19
06-10-2025,CHOLAVARAM,554.94
07-10-2025,CHOLAVARAM,571.77
08-10-2025,CHOLAVARAM,598.79
09-10-2025,CHOLAVARAM,613.5
10-10-2025,CHOLAVARAM,629.5
11-10-2025,CHOLAVARAM,649.76
12-10-2025,CHOLAVARAM,670.28
13-10-2025,CHOLAVARAM,691.22
14-10-2025,CHOLAVARAM,709.41
15-10-2025,CHOLAVARAM,718.7
16-10-2025,CHOLAVARAM,741.86
17-10-2025,CHOLAVARAM,751.13
18-10-2025,CHOLAVARAM,767.65
19-10-2025,CHOLAVARAM,778.87
20-10-2025,CHOLAVARAM,793.55
21-10-2025,CHOLAVARAM,810.2
22-10-2025,CHOLAVARAM,826.8
23-10-2025,CHOLAVARAM,843.91
24-10-2025,CHOLAVARAM,866.98
25-10-2025,CHOLAVARAM,884.25
26-10-2025,CHOLAVARAM,898.03
27-10-2025,CHOLAVARAM,917.85
28-10-2025,CHOLAVARAM,938.8
29-10-2025,CHOLAVARAM,947.66
30-10-2025,CHOLAVARAM,965.65
31-10-2025,CHOLAVARAM,984.15
01-11-2025,CHOLAVARAM,997.66
02-11-2025,CHOLAVARAM,1019.54
03-11-2025,CHOLAVARAM,1033.79
04-11-2025,CHOLAVARAM,1049.42
05-11-2025,CHOLAVARAM,1063.56
06-11-2025,CHOLAVARAM,1078.63
07-11-2025,CHOLAVARAM,1081.0
08-11-2025,CHOLAVARAM,1081.0
09-11-2025,CHOLAVARAM,1081.0
10-11-2025,CHOLAVARAM,1081.0
11-11-2025,CHOLAVARAM,1081.0
12-11-2025,CHOLAVARAM,1081.0
13-11-2025,CHOLAVARAM,1081.0
14-11-2025,CHOLAVARAM,1081.0
15-11-2025,CHOLAVARAM,1081.0
16-11-2025,CHOLAVARAM,1081.0
17-11-2025,CHOLAVARAM,1081.0
18-11-2025,CHOLAVARAM,1081.0
19-11-2025,CHOLAVARAM,1081.0
20-11-2025,CHOLAVARAM,1081.0
21-11-2025,CHOLAVARAM,1081.0
22-11-2025,CHOLAVARAM,1081.0
23-11-2025,CHOLAVARAM,1081.0
24-11-2025,CHOLAVARAM,1081.0
25-11-2025,CHOLAVARAM,1081.0
26-11-2025,CHOLAVARAM,1081.0
27-11-2025,CHOLAVARAM,1081.0
28-11-2025,CHOLAVARAM,1081.0
29-11-2025,CHOLAVARAM,1081.0
30-11-2025,CHOLAVARAM,1081.0
01-12-2025,CHOLAVARAM,1081.0
02-12-2025,CHOLAVARAM,1081.0
03-12-2025,CHOLAVARAM,1081.0
04-12-2025,CHOLAVARAM,1081.0
05-12-2025,CHOLAVARAM,1081.0
06-12-2025,CHOLAVARAM,1081.0
07-12-2025,CHOLAVARAM,1081.0
08-12-2025,CHOLAVARAM,1081.0
09-12-2025,CHOLAVARAM,1081.0
10-12-2025,CHOLAVARAM,1081.0
11-12-2025,CHOLAVARAM,1081.0
12-12-2025,CHOLAVARAM,1081.0
13-12-2025,CHOLAVARAM,1081.0
14-12-2025,CHOLAVARAM,1081.0
15-12-2025,CHOLAVARAM,1081.0
16-12-2025,CHOLAVARAM,1081.0
17-12-2025,CHOLAVARAM,1081.0
18-12-2025,CHOLAVARAM,1081.0
19-12-2025,CHOLAVARAM,1081.0
20-12-2025,CHOLAVARAM,1081.0
21-12-2025,CHOLAVARAM,1081.0
22-12-2025,CHOLAVARAM,1081.0
23-12-2025,CHOLAVARAM,1081.0
24-12-2025,CHOLAVARAM,1081.0
25-12-2025,CHOLAVARAM,1081.0
26-12-2025,CHOLAVARAM,1081.0
27-12-2025,CHOLAVARAM,1081.0
28-12-2025,CHOLAVARAM,1081.0
29-12-2025,CHOLAVARAM,1081.0
30-12-2025,CHOLAVARAM,1081.0
31-12-2025,CHOLAVARAM,1081.0
01-01-2026,CHOLAVARAM,1075.85
02-01-2026,CHOLAVARAM,1073.46
03-01-2026,CHOLAVARAM,1073.18
04-01-2026,CHOLAVARAM,1070.43
05-01-2026,CHOLAVARAM,1067.63
06-01-2026,CHOLAVARAM,1061.12
07-01-2026,CHOLAVARAM,1054.8
08-01-2026,CHOLAVARAM,1044.79
09-01-2026,CHOLAVARAM,1050.54
10-01-2026,CHOLAVARAM,1041.32
11-01-2026,CHOLAVARAM,1034.85
12-01-2026,CHOLAVARAM,1028.26
13-01-2026,CHOLAVARAM,1029.74
14-01-2026,CHOLAVARAM,1025.26
15-01-2026,CHOLAVARAM,1028.5
16-01-2026,CHOLAVARAM,1022.13
17-01-2026,CHOLAVARAM,1020.53
18-01-2026,CHOLAVARAM,1013.35
19-01-2026,CHOLAVARAM,1021.08
20-01-2026,CHOLAVARAM,1012.14
21-01-2026,CHOLAVARAM,1010.69
22-01-2026,CHOLAVARAM,1010.86
23-01-2026,CHOLAVARAM,1009.93
24-01-2026,CHOLAVARAM,1006.0
25-01-2026,CHOLAVARAM,1002.35
26-01-2026,CHOLAVARAM,999.57
27-01-2026,CHOLAVARAM,995.84
28-01-2026,CHOLAVARAM,997.65
29-01-2026,CHOLAVARAM,1005.71
30-01-2026,CHOLAVARAM,999.92
31-01-2026,CHOLAVARAM,990.07
01-02-2026,CHOLAVARAM,986.63
02-02-2026,CHOLAVARAM,996.53
03-02-2026,CHOLAVARAM,989.51
04-02-2026,CHOLAVARAM,994.71
05-02-2026,CHOLAVARAM,1000.09
06-02-2026,CHOLAVARAM,994.33
07-02-2026,CHOLAVARAM,994.17
08-02-2026,CHOLAVARAM,999.31
09-02-2026,CHOLAVARAM,994.42
10-02-2026,CHOLAVARAM,990.4
11-02-2026,CHOLAVARAM,984.49
12-02-2026,CHOLAVARAM,976.42
13-02-2026,CHOLAVARAM,970.17
14-02-2026,CHOLAVARAM,961.05
15-02-2026,CHOLAVARAM,958.22
16-02-2026,CHOLAVARAM,951.37
17-02-2026,CHOLAVARAM,949.54
18-02-2026,CHOLAVARAM,938.76
19-02-2026,CHOLAVARAM,937.42
20-02-2026,CHOLAVARAM,938.58
21-02-2026,CHOLAVARAM,925.61
22-02-2026,CHOLAVARAM,924.48
23-02-2026,CHOLAVARAM,927.62
24-02-2026,CHOLAVARAM,918.57
25-02-2026,CHOLAVARAM,923.94
26-02-2026,CHOLAVARAM,923.03
27-02-2026,CHOLAVARAM,916.51
28-02-2026,CHOLAVARAM,913.23
01-03-2026,CHOLAVARAM,913.02
02-03-2026,CHOLAVARAM,910.4
03-03-2026,CHOLAVARAM,910.09
04-03-2026,CHOLAVARAM,902.49
05-03-2026,CHOLAVARAM,900.34
06-03-2026,CHOLAVARAM,890.27
07-03-2026,CHOLAVARAM,886.71
08-03-2026,CHOLAVARAM,879.19
09-03-2026,CHOLAVARAM,872.52
10-03-2026,CHOLAVARAM,875.7
11-03-2026,CHOLAVARAM,878.15
12-03-2026,CHOLAVARAM,878.2
13-03-2026,CHOLAVARAM,869.74
14-03-2026,CHOLAVARAM,865.15
15-03-2026,CHOLAVARAM,868.22
16-03-2026,CHOLAVARAM,865.93
17-03-2026,CHOLAVARAM,874.53
18-03-2026,CHOLAVARAM,873.49
19-03-2026,CHOLAVARAM,871.45
20-03-2026,CHOLAVARAM,866.91
21-03-2026,CHOLAVARAM,864.57
22-03-2026,CHOLAVARAM,860.81
23-03-2026,CHOLAVARAM,861.35
24-03-2026,CHOLAVARAM,863.14
25-03-2026,CHOLAVARAM,856.21
26-03-2026,CHOLAVARAM,846.55
27-03-2026,CHOLAVARAM,834.37
28-03-2026,CHOLAVARAM,833.91
29-03-2026,CHOLAVARAM,825.39
30-03-2026,CHOLAVARAM,811.63
31-03-2026,CHOLAVARAM,810.57
01-04-2026,CHOLAVARAM,820.04
02-04-2026,CHOLAVARAM,817.01
03-04-2026,CHOLAVARAM,818.2
04-04-2026,CHOLAVARAM,815.61
05-04-2026,CHOLAVARAM,812.11
06-04-2026,CHOLAVARAM,813.71
07-04-2026,CHOLAVARAM,809.26
08-04-2026,CHOLAVARAM,807.59
09-04-2026,CHOLAVARAM,806.2
10-04-2026,CHOLAVARAM,799.86
11-04-2026,CHOLAVARAM,801.82
12-04-2026,CHOLAVARAM,797.95
13-04-2026,CHOLAVARAM,791.17
14-04-2026,CHOLAVARAM,790.85
15-04-2026,CHOLAVARAM,783.36
16-04-2026,CHOLAVARAM,780.5
17-04-2026,CHOLAVARAM,777.45
18-04-2026,CHOLAVARAM,779.88
19-04-2026,CHOLAVARAM,779.26
20-04-2026,CHOLAVARAM,776.13
21-04-2026,CHOLAVARAM,777.22
22-04-2026,CHOLAVARAM,781.17
23-04-2026,CHOLAVARAM,780.96
24-04-2026,CHOLAVARAM,778.01
25-04-2026,CHOLAVARAM,768.45
26-04-2026,CHOLAVARAM,760.13
27-04-2026,CHOLAVARAM,755.6
28-04-2026,CHOLAVARAM,749.55
29-04-2026,CHOLAVARAM,745.62
30-04-2026,CHOLAVARAM,742.9
01-05-2026,CHOLAVARAM,742.55
02-05-2026,CHOLAVARAM,739.2
03-05-2026,CHOLAVARAM,738.63
04-05-2026,CHOLAVARAM,735.95
05-05-2026,CHOLAVARAM,723.08
06-05-2026,CHOLAVARAM,715.38
07-05-2026,CHOLAVARAM,711.66
08-05-2026,CHOLAVARAM,702.61
09-05-2026,CHOLAVARAM,702.61
10-05-2026,CHOLAVARAM,707.26
11-05-2026,CHOLAVARAM,710.36
12-05-2026,CHOLAVARAM,706.29
13-05-2026,CHOLAVARAM,710.74
14-05-2026,CHOLAVARAM,708.49
15-05-2026,CHOLAVARAM,703.8
16-05-2026,CHOLAVARAM,697.73
17-05-2026,CHOLAVARAM,693.22
18-05-2026,CHOLAVARAM,688.28
19-05-2026,CHOLAVARAM,686.13
20-05-2026,CHOLAVARAM,683.94
21-05-2026,CHOLAVARAM,680.95
22-05-2026,CHOLAVARAM,680.14
23-05-2026,CHOLAVARAM,683.09
24-05-2026,CHOLAVARAM,684.84
25-05-2026,CHOLAVARAM,674.41
26-05-2026,CHOLAVARAM,658.64
27-05-2026,CHOLAVARAM,660.31
28-05-2026,CHOLAVARAM,650.48
29-05-2026,CHOLAVARAM,646.36
30-05-2026,CHOLAVARAM,637.51
31-05-2026,CHOLAVARAM,625.5
01-06-2026,CHOLAVARAM,625.2
02-06-2026,CHOLAVARAM,626.0
03-06-2026,CHOLAVARAM,620.12
04-06-2026,CHOLAVARAM,604.16
05-06-2026,CHOLAVARAM,598.43
06-06-2026,CHOLAVARAM,597.39
07-06-2026,CHOLAVARAM,586.99
08-06-2026,CHOLAVARAM,584.91
09-06-2026,CHOLAVARAM,581.83
10-06-2026,CHOLAVARAM,581.73
11-06-2026,CHOLAVARAM,579.33
12-06-2026,CHOLAVARAM,571.46
13-06-2026,CHOLAVARAM,574.45
14-06-2026,CHOLAVARAM,570.65
15-06-2026,CHOLAVARAM,567.52
16-06-2026,CHOLAVARAM,559.85
17-06-2026,CHOLAVARAM,554.63
18-06-2026,CHOLAVARAM,547.21
19-06-2026,CHOLAVARAM,543.35
20-06-2026,CHOLAVARAM,548.9
21-06-2026,CHOLAVARAM,539.05
22-06-2026,CHOLAVARAM,527.98
23-06-2026,CHOLAVARAM,532.33
24-06-2026,CHOLAVARAM,528.29
25-06-2026,CHOLAVARAM,521.94
26-06-2026,CHOLAVARAM,524.14
27-06-2026,CHOLAVARAM,518.11
28-06-2026,CHOLAVARAM,524.24
29-06-2026,CHOLAVARAM,524.63
30-06-2026,CHOLAVARAM,519.19
01-07-2026,CHOLAVARAM,526.98
02-07-2026,CHOLAVARAM,520.95
03-07-2026,CHOLAVARAM,521.66
04-07-2026,CHOLAVARAM,520.16
05-07-2026,CHOLAVARAM,523.67
06-07-2026,CHOLAVARAM,528.47
07-07-2026,CHOLAVARAM,525.63
08-07-2026,CHOLAVARAM,518.87
09-07-2026,CHOLAVARAM,518.17
10-07-2026,CHOLAVARAM,511.78
11-07-2026,CHOLAVARAM,518.85
12-07-2026,CHOLAVARAM,516.53
13-07-2026,CHOLAVARAM,511.7
14-07-2026,CHOLAVARAM,509.62
15-07-2026,CHOLAVARAM,499.89
16-07-2026,CHOLAVARAM,492.03
17-07-2026,CHOLAVARAM,495.03
18-07-2026,CHOLAVARAM,488.75
19-07-2026,CHOLAVARAM,480.51
20-07-2026,CHOLAVARAM,480.2
21-07-2026,CHOLAVARAM,483.13
22-07-2026,CHOLAVARAM,483.72
23-07-2026,CHOLAVARAM,485.7
24-07-2026,CHOLAVARAM,478.92
25-07-2026,CHOLAVARAM,468.81
26-07-2026,CHOLAVARAM,473.31
27-07-2026,CHOLAVARAM,468.7
28-07-2026,CHOLAVARAM,464.45
29-07-2026,CHOLAVARAM,468.09
30-07-2026,CHOLAVARAM,467.87
31-07-2026,CHOLAVARAM,467.15
01-08-2026,CHOLAVARAM,474.97
02-08-2026,CHOLAVARAM,468.76
03-08-2026,CHOLAVARAM,470.39
04-08-2026,CHOLAVARAM,467.68
05-08-2026,CHOLAVARAM,466.02
06-08-2026,CHOLAVARAM,470.67
07-08-2026,CHOLAVARAM,470.2
08-08-2026,CHOLAVARAM,469.9
09-08-2026,CHOLAVARAM,472.26
10-08-2026,CHOLAVARAM,467.43
11-08-2026,CHOLAVARAM,460.24
12-08-2026,CHOLAVARAM,452.01
13-08-2026,CHOLAVARAM,439.18
14-08-2026,CHOLAVARAM,446.46
15-08-2026,CHOLAVARAM,437.95
16-08-2026,CHOLAVARAM,433.84
17-08-2026,CHOLAVARAM,429.46
18-08-2026,CHOLAVARAM,427.99
19-08-2026,CHOLAVARAM,429.07
20-08-2026,CHOLAVARAM,430.37
21-08-2026,CHOLAVARAM,424.46
22-08-2026,CHOLAVARAM,420.62
23-08-2026,CHOLAVARAM,419.04
24-08-2026,CHOLAVARAM,414.79
25-08-2026,CHOLAVARAM,419.83
26-08-2026,CHOLAVARAM,419.28
27-08-2026,CHOLAVARAM,419.96
28-08-2026,CHOLAVARAM,420.27
29-08-2026,CHOLAVARAM,423.14
30-08-2026,CHOLAVARAM,421.05
31-08-2026,CHOLAVARAM,411.56
01-09-2026,CHOLAVARAM,410.56
02-09-2026,CHOLAVARAM,404.3
03-09-2026,CHOLAVARAM,398.66
04-09-2026,CHOLAVARAM,398.59
05-09-2026,CHOLAVARAM,401.78
06-09-2026,CHOLAVARAM,398.89
07-09-2026,CHOLAVARAM,397.43
08-09-2026,CHOLAVARAM,402.95
09-09-2026,CHOLAVARAM,401.15
10-09-2026,CHOLAVARAM,411.16
11-09-2026,CHOLAVARAM,410.98
12-09-2026,CHOLAVARAM,399.18
13-09-2026,CHOLAVARAM,399.95
14-09-2026,CHOLAVARAM,398.85
15-09-2026,CHOLAVARAM,402.3
16-09-2026,CHOLAVARAM,402.67
17-09-2024,REDHILLS,1976.31
18-09-2024,REDHILLS,1967.19
19-09-2024,REDHILLS,1963.14
20-09-2024,REDHILLS,1955.89
21-09-2024,REDHILLS,1949.99
22-09-2024,REDHILLS,1949.93
23-09-2024,REDHILLS,1955.28
24-09-2024,REDHILLS,1954.25
25-09-2024,REDHILLS,1945.27
26-09-2024,REDHILLS,1944.5
27-09-2024,REDHILLS,1947.48
28-09-2024,REDHILLS,1941.43
29-09-2024,REDHILLS,1937.76
30-09-2024,REDHILLS,1934.83
01-10-2024,REDHILLS,1945.91
02-10-2024,REDHILLS,1964.15
03-10-2024,REDHILLS,1978.55
04-10-2024,REDHILLS,1995.64
05-10-2024,REDHILLS,2006.21
06-10-2024,REDHILLS,2019.02
07-10-2024,REDHILLS,2037.63
08-10-2024,REDHILLS,2050.77
09-10-2024,REDHILLS,2074.4
10-10-2024,REDHILLS,2087.4
11-10-2024,REDHILLS,2103.53
12-10-2024,REDHILLS,2123.19
13-10-2024,REDHILLS,2131.1
14-10-2024,REDHILLS,2137.29
15-10-2024,REDHILLS,2144.66
16-10-2024,REDHILLS,2165.98
17-10-2024,REDHILLS,2178.22
18-10-2024,REDHILLS,2206.01
19-10-2024,REDHILLS,2218.19
20-10-2024,REDHILLS,2234.11
21-10-2024,REDHILLS,2256.82
22-10-2024,REDHILLS,2281.85
23-10-2024,REDHILLS,2307.16
24-10-2024,REDHILLS,2328.2
25-10-2024,REDHILLS,2348.32
26-10-2024,REDHILLS,2366.28
27-10-2024,REDHILLS,2385.18
28-10-2024,REDHILLS,2397.42
29-10-2024,REDHILLS,2408.33
30-10-2024,REDHILLS,2423.31
31-10-2024,REDHILLS,2437.46
01-11-2024,REDHILLS,2450.19
02-11-2024,REDHILLS,2468.68
03-11-2024,REDHILLS,2488.45
04-11-2024,REDHILLS,2503.9
05-11-2024,REDHILLS,2526.28
06-11-2024,REDHILLS,2535.57
07-11-2024,REDHILLS,2549.61
08-11-2024,REDHILLS,2561.02
09-11-2024,REDHILLS,2566.69
10-11-2024,REDHILLS,2581.28
11-11-2024,REDHILLS,2595.67
12-11-2024,REDHILLS,2618.23
13-11-2024,REDHILLS,2636.39
14-11-2024,REDHILLS,2646.27
15-11-2024,REDHILLS,2670.54
16-11-2024,REDHILLS,2691.64
17-11-2024,REDHILLS,2709.55
18-11-2024,REDHILLS,2723.42
19-11-2024,REDHILLS,2733.62
20-11-2024,REDHILLS,2746.76
21-11-2024,REDHILLS,2767.21
22-11-2024,REDHILLS,2791.63
23-11-2024,REDHILLS,2814.35
24-11-2024,REDHILLS,2826.9
25-11-2024,REDHILLS,2836.3
26-11-2024,REDHILLS,2852.01
27-11-2024,REDHILLS,2858.17
28-11-2024,REDHILLS,2874.78
29-11-2024,REDHILLS,2889.04
30-11-2024,REDHILLS,2901.71
01-12-2024,REDHILLS,2908.74
02-12-2024,REDHILLS,2926.31
03-12-2024,REDHILLS,2938.64
04-12-2024,REDHILLS,2947.8
05-12-2024,REDHILLS,2948.43
06-12-2024,REDHILLS,2963.3
07-12-2024,REDHILLS,2987.16
08-12-2024,REDHILLS,3010.46
09-12-2024,REDHILLS,3023.18
10-12-2024,REDHILLS,3035.17
11-12-2024,REDHILLS,3052.51
12-12-2024,REDHILLS,3062.52
13-12-2024,REDHILLS,3079.03
14-12-2024,REDHILLS,3097.86
15-12-2024,REDHILLS,3118.99
16-12-2024,REDHILLS,3133.49
17-12-2024,REDHILLS,3147.47
18-12-2024,REDHILLS,3158.08
19-12-2024,REDHILLS,3168.95
20-12-2024,REDHILLS,3182.82
21-12-2024,REDHILLS,3199.65
22-12-2024,REDHILLS,3219.22
23-12-2024,REDHILLS,3230.21
24-12-2024,REDHILLS,3252.67
25-12-2024,REDHILLS,3266.31
26-12-2024,REDHILLS,3281.21
27-12-2024,REDHILLS,3292.47
28-12-2024,REDHILLS,3295.35
29-12-2024,REDHILLS,3300.0
30-12-2024,REDHILLS,3300.0
31-12-2024,REDHILLS,3300.0
01-01-2025,REDHILLS,3297.33
02-01-2025,REDHILLS,3296.91
03-01-2025,REDHILLS,3286.1
04-01-2025,REDHILLS,3280.46
05-01-2025,REDHILLS,3281.43
06-01-2025,REDHILLS,3272.16
07-01-2025,REDHILLS,3270.62
08-01-2025,REDHILLS,3260.84
09-01-2025,REDHILLS,3260.17
10-01-2025,REDHILLS,3257.0
11-01-2025,REDHILLS,3245.92
12-01-2025,REDHILLS,3248.74
13-01-2025,REDHILLS,3242.07
14-01-2025,REDHILLS,3235.02
15-01-2025,REDHILLS,3233.02
16-01-2025,REDHILLS,3235.77
17-01-2025,REDHILLS,3227.69
18-01-2025,REDHILLS,3224.99
19-01-2025,REDHILLS,3224.14
20-01-2025,REDHILLS,3224.6
21-01-2025,REDHILLS,3222.49
22-01-2025,REDHILLS,3217.65
23-01-2025,REDHILLS,3210.51
24-01-2025,REDHILLS,3207.94
25-01-2025,REDHILLS,3199.58
26-01-2025,REDHILLS,3181.98
27-01-2025,REDHILLS,3181.16
28-01-2025,REDHILLS,3182.68
29-01-2025,REDHILLS,3167.86
30-01-2025,REDHILLS,3159.82
31-01-2025,REDHILLS,3159.91
01-02-2025,REDHILLS,3167.2
02-02-2025,REDHILLS,3164.3
03-02-2025,REDHILLS,3157.66
04-02-2025,REDHILLS,3153.75
05-02-2025,REDHILLS,3157.62
06-02-2025,REDHILLS,3151.39
07-02-2025,REDHILLS,3144.4
08-02-2025,REDHILLS,3138.98
09-02-2025,REDHILLS,3131.22
10-02-2025,REDHILLS,3128.83
11-02-2025,REDHILLS,3133.95
12-02-2025,REDHILLS,3132.57
13-02-2025,REDHILLS,3128.31
14-02-2025,REDHILLS,3123.85
15-02-2025,REDHILLS,3113.03
16-02-2025,REDHILLS,3114.45
17-02-2025,REDHILLS,3111.06
18-02-2025,REDHILLS,3107.16
19-02-2025,REDHILLS,3120.12
20-02-2025,REDHILLS,3118.62
21-02-2025,REDHILLS,3111.86
22-02-2025,REDHILLS,3106.72
23-02-2025,REDHILLS,3109.47
24-02-2025,REDHILLS,3107.03
25-02-2025,REDHILLS,3096.84
26-02-2025,REDHILLS,3098.44
27-02-2025,REDHILLS,3092.1
28-02-2025,REDHILLS,3098.46
01-03-2025,REDHILLS,3100.86
02-03-2025,REDHILLS,3095.63
03-03-2025,REDHILLS,3099.03
04-03-2025,REDHILLS,3096.37
05-03-2025,REDHILLS,3097.64
06-03-2025,REDHILLS,3097.06
07-03-2025,REDHILLS,3089.83
08-03-2025,REDHILLS,3083.61
09-03-2025,REDHILLS,3085.76
10-03-2025,REDHILLS,3081.09
11-03-2025,REDHILLS,3076.07
12-03-2025,REDHILLS,3068.29
13-03-2025,REDHILLS,3067.41
14-03-2025,REDHILLS,3074.72
15-03-2025,REDHILLS,3066.38
16-03-2025,REDHILLS,3063.51
17-03-2025,REDHILLS,3067.57
18-03-2025,REDHILLS,3064.17
19-03-2025,REDHILLS,3063.43
20-03-2025,REDHILLS,3055.12
21-03-2025,REDHILLS,3054.26
22-03-2025,REDHILLS,3050.32
23-03-2025,REDHILLS,3052.25
24-03-2025,REDHILLS,3055.19
25-03-2025,REDHILLS,3065.14
26-03-2025,REDHILLS,3065.04
27-03-2025,REDHILLS,3063.66
28-03-2025,REDHILLS,3061.64
29-03-2025,REDHILLS,3056.87
30-03-2025,REDHILLS,3055.56
31-03-2025,REDHILLS,3051.09
01-04-2025,REDHILLS,3048.93
02-04-2025,REDHILLS,3052.52
03-04-2025,REDHILLS,3044.48
04-04-2025,REDHILLS,3047.18
05-04-2025,REDHILLS,3050.77
06-04-2025,REDHILLS,3047.18
07-04-2025,REDHILLS,3033.57
08-04-2025,REDHILLS,3027.53
09-04-2025,REDHILLS,3031.02
10-04-2025,REDHILLS,3027.9
11-04-2025,REDHILLS,3019.9
12-04-2025,REDHILLS,3014.38
13-04-2025,REDHILLS,3015.58
14-04-2025,REDHILLS,3015.32
15-04-2025,REDHILLS,3011.12
16-04-2025,REDHILLS,3006.29
17-04-2025,REDHILLS,3001.33
18-04-2025,REDHILLS,2993.72
19-04-2025,REDHILLS,2998.79
20-04-2025,REDHILLS,2994.18
21-04-2025,REDHILLS,2997.27
22-04-2025,REDHILLS,3001.88
23-04-2025,REDHILLS,3003.87
24-04-2025,REDHILLS,2998.71
25-04-2025,REDHILLS,2997.73
26-04-2025,REDHILLS,2994.61
27-04-2025,REDHILLS,2987.09
28-04-2025,REDHILLS,2985.71
29-04-2025,REDHILLS,2976.81
30-04-2025,REDHILLS,2979.75
01-05-2025,REDHILLS,2974.43
02-05-2025,REDHILLS,2972.44
03-05-2025,REDHILLS,2970.85
04-05-2025,REDHILLS,2966.56
05-05-2025,REDHILLS,2966.49
06-05-2025,REDHILLS,2961.12
07-05-2025,REDHILLS,2962.47
08-05-2025,REDHILLS,2952.74
09-05-2025,REDHILLS,2950.37
10-05-2025,REDHILLS,2957.07
11-05-2025,REDHILLS,2949.07
12-05-2025,REDHILLS,2942.68
13-05-2025,REDHILLS,2942.25
14-05-2025,REDHILLS,2940.15
15-05-2025,REDHILLS,2938.9
16-05-2025,REDHILLS,2938.35
17-05-2025,REDHILLS,2938.52
18-05-2025,REDHILLS,2941.07
19-05-2025,REDHILLS,2940.12
20-05-2025,REDHILLS,2935.91
21-05-2025,REDHILLS,2936.27
22-05-2025,REDHILLS,2942.77
23-05-2025,REDHILLS,2939.11
24-05-2025,REDHILLS,2931.24
25-05-2025,REDHILLS,2933.77
26-05-2025,REDHILLS,2930.17
27-05-2025,REDHILLS,2916.31
28-05-2025,REDHILLS,2917.54
29-05-2025,REDHILLS,2911.87
30-05-2025,REDHILLS,2908.42
31-05-2025,REDHILLS,2907.07
01-06-2025,REDHILLS,2905.03
02-06-2025,REDHILLS,2905.57
03-06-2025,REDHILLS,2900.4
04-06-2025,REDHILLS,2899.96
05-06-2025,REDHILLS,2895.67
06-06-2025,REDHILLS,2896.36
07-06-2025,REDHILLS,2896.44
08-06-2025,REDHILLS,2888.76
09-06-2025,REDHILLS,2891.19
10-06-2025,REDHILLS,2885.51
11-06-2025,REDHILLS,2886.55
12-06-2025,REDHILLS,2885.39
13-06-2025,REDHILLS,2891.58
14-06-2025,REDHILLS,2887.46
15-06-2025,REDHILLS,2882.71
16-06-2025,REDHILLS,2879.62
17-06-2025,REDHILLS,2875.1
18-06-2025,REDHILLS,2876.1
19-06-2025,REDHILLS,2865.02
20-06-2025,REDHILLS,2856.75
21-06-2025,REDHILLS,2848.41
22-06-2025,REDHILLS,2850.16
23-06-2025,REDHILLS,2855.71
24-06-2025,REDHILLS,2852.19
25-06-2025,REDHILLS,2848.35
26-06-2025,REDHILLS,2845.7
27-06-2025,REDHILLS,2848.51
28-06-2025,REDHILLS,2840.87
29-06-2025,REDHILLS,2839.06
30-06-2025,REDHILLS,2840.94
01-07-2025,REDHILLS,2840.44
02-07-2025,REDHILLS,2838.39
03-07-2025,REDHILLS,2840.4
04-07-2025,REDHILLS,2823.88
05-07-2025,REDHILLS,2824.27
06-07-2025,REDHILLS,2818.0
07-07-2025,REDHILLS,2805.85
08-07-2025,REDHILLS,2805.4
09-07-2025,REDHILLS,2809.27
10-07-2025,REDHILLS,2805.58
11-07-2025,REDHILLS,2807.35
12-07-2025,REDHILLS,2812.41
13-07-2025,REDHILLS,2815.98
14-07-2025,REDHILLS,2821.18
15-07-2025,REDHILLS,2821.9
16-07-2025,REDHILLS,2819.27
17-07-2025,REDHILLS,2808.26
18-07-2025,REDHILLS,2804.03
19-07-2025,REDHILLS,2796.82
20-07-2025,REDHILLS,2804.67
21-07-2025,REDHILLS,2800.79
22-07-2025,REDHILLS,2798.41
23-07-2025,REDHILLS,2798.16
24-07-2025,REDHILLS,2795.38
25-07-2025,REDHILLS,2800.86
26-07-2025,REDHILLS,2794.74
27-07-2025,REDHILLS,2792.72
28-07-2025,REDHILLS,2786.01
29-07-2025,REDHILLS,2776.41
30-07-2025,REDHILLS,2770.35
31-07-2025,REDHILLS,2767.16
01-08-2025,REDHILLS,2762.01
02-08-2025,REDHILLS,2755.55
03-08-2025,REDHILLS,2745.52
04-08-2025,REDHILLS,2742.11
05-08-2025,REDHILLS,2731.58
06-08-2025,REDHILLS,2732.38
07-08-2025,REDHILLS,2729.79
08-08-2025,REDHILLS,2719.51
09-08-2025,REDHILLS,2714.96
10-08-2025,REDHILLS,2708.2
11-08-2025,REDHILLS,2706.8
12-08-2025,REDHILLS,2710.5
13-08-2025,REDHILLS,2698.12
14-08-2025,REDHILLS,2695.7
15-08-2025,REDHILLS,2691.9
16-08-2025,REDHILLS,2692.25
17-08-2025,REDHILLS,2690.32
18-08-2025,REDHILLS,2683.56
19-08-2025,REDHILLS,2678.96
20-08-2025,REDHILLS,2671.98
21-08-2025,REDHILLS,2674.36
22-08-2025,REDHILLS,2671.47
23-08-2025,REDHILLS,2677.98
24-08-2025,REDHILLS,2674.67
25-08-2025,REDHILLS,2668.13
26-08-2025,REDHILLS,2657.56
27-08-2025,REDHILLS,2645.55
28-08-2025,REDHILLS,2634.63
29-08-2025,REDHILLS,2632.96
30-08-2025,REDHILLS,2632.51
31-08-2025,REDHILLS,2621.6
01-09-2025,REDHILLS,2623.07
02-09-2025,REDHILLS,2617.66
03-09-2025,REDHILLS,2615.39
04-09-2025,REDHILLS,2620.45
05-09-2025,REDHILLS,2621.94
06-09-2025,REDHILLS,2617.6
07-09-2025,REDHILLS,2610.14
08-09-2025,REDHILLS,2596.38
09-09-2025,REDHILLS,2589.79
10-09-2025,REDHILLS,2585.73
11-09-2025,REDHILLS,2577.79
12-09-2025,REDHILLS,2574.14
13-09-2025,REDHILLS,2571.52
14-09-2025,REDHILLS,2567.4
15-09-2025,REDHILLS,2561.15
16-09-2025,REDHILLS,2558.99
17-09-2025,REDHILLS,2558.2
18-09-2025,REDHILLS,2549.75
19-09-2025,REDHILLS,2553.8
20-09-2025,REDHILLS,2550.31
21-09-2025,REDHILLS,2547.4
22-09-2025,REDHILLS,2547.95
23-09-2025,REDHILLS,2546.11
24-09-2025,REDHILLS,2547.88
25-09-2025,REDHILLS,2546.31
26-09-2025,REDHILLS,2540.25
27-09-2025,REDHILLS,2539.06
28-09-2025,REDHILLS,2530.34
29-09-2025,REDHILLS,2527.88
30-09-2025,REDHILLS,2524.72
01-10-2025,REDHILLS,2538.68
02-10-2025,REDHILLS,2553.03
03-10-2025,REDHILLS,2558.62
04-10-2025,REDHILLS,2570.88
05-10-2025,REDHILLS,2586.34
06-10-2025,REDHILLS,2602.14
07-10-2025,REDHILLS,2612.01
08-10-2025,REDHILLS,2633.33
09-10-2025,REDHILLS,2644.0
10-10-2025,REDHILLS,2663.85
11-10-2025,REDHILLS,2680.99
12-10-2025,REDHILLS,2692.76
13-10-2025,REDHILLS,2716.63
14-10-2025,REDHILLS,2725.66
15-10-2025,REDHILLS,2745.26
16-10-2025,REDHILLS,2765.26
17-10-2025,REDHILLS,2776.91
18-10-2025,REDHILLS,2798.87
19-10-2025,REDHILLS,2812.62
20-10-2025,REDHILLS,2829.06
21-10-2025,REDHILLS,2845.37
22-10-2025,REDHILLS,2859.69
23-10-2025,REDHILLS,2878.75
24-10-2025,REDHILLS,2897.72
25-10-2025,REDHILLS,2903.97
26-10-2025,REDHILLS,2925.5
27-10-2025,REDHILLS,2932.18
28-10-2025,REDHILLS,2952.35
29-10-2025,REDHILLS,2972.98
30-10-2025,REDHILLS,2982.52
31-10-2025,REDHILLS,2995.47
01-11-2025,REDHILLS,3004.94
02-11-2025,REDHILLS,3018.87
03-11-2025,REDHILLS,3032.33
04-11-2025,REDHILLS,3051.23
05-11-2025,REDHILLS,3072.78
06-11-2025,REDHILLS,3094.76
07-11-2025,REDHILLS,3106.94
08-11-2025,REDHILLS,3120.9
09-11-2025,REDHILLS,3127.48
10-11-2025,REDHILLS,3138.45
11-11-2025,REDHILLS,3158.28
12-11-2025,REDHILLS,3181.35
13-11-2025,REDHILLS,3190.18
14-11-2025,REDHILLS,3202.22
15-11-2025,REDHILLS,3217.09
16-11-2025,REDHILLS,3233.49
17-11-2025,REDHILLS,3244.44
18-11-2025,REDHILLS,3261.56
19-11-2025,REDHILLS,3274.19
20-11-2025,REDHILLS,3289.12
21-11-2025,REDHILLS,3300.0
22-11-2025,REDHILLS,3300.0
23-11-2025,REDHILLS,3300.0
24-11-2025,REDHILLS,3300.0
25-11-2025,REDHILLS,3300.0
26-11-2025,REDHILLS,3300.0
27-11-2025,REDHILLS,3300.0
28-11-2025,REDHILLS,3300.0
29-11-2025,REDHILLS,3300.0
30-11-2025,REDHILLS,3300.0
01-12-2025,REDHILLS,3300.0
02-12-2025,REDHILLS,3300.0
03-12-2025,REDHILLS,3300.0
04-12-2025,REDHILLS,3300.0
05-12-2025,REDHILLS,3300.0
06-12-2025,REDHILLS,3300.0
07-12-2025,REDHILLS,3300.0
08-12-2025,REDHILLS,3300.0
09-12-2025,REDHILLS,3300.0
10-12-2025,REDHILLS,3300.0
11-12-2025,REDHILLS,3300.0
12-12-2025,REDHILLS,3300.0
13-12-2025,REDHILLS,3300.0
14-12-2025,REDHILLS,3300.0
15-12-2025,REDHILLS,3300.0
16-12-2025,REDHILLS,3300.0
17-12-2025,REDHILLS,3300.0
18-12-2025,REDHILLS,3300.0
19-12-2025,REDHILLS,3300.0
20-12-2025,REDHILLS,3300.0
21-12-2025,REDHILLS,3300.0
22-12-2025,REDHILLS,3300.0
23-12-2025,REDHILLS,3300.0
24-12-2025,REDHILLS,3300.0
25-12-2025,REDHILLS,3300.0
26-12-2025,REDHILLS,3300.0
27-12-2025,REDHILLS,3300.0
28-12-2025,REDHILLS,3300.0
29-12-2025,REDHILLS,3300.0
30-12-2025,REDHILLS,3300.0
31-12-2025,REDHILLS,3300.0
01-01-2026,REDHILLS,3299.48
02-01-2026,REDHILLS,3294.16
03-01-2026,REDHILLS,3290.63
04-01-2026,REDHILLS,3300.0
05-01-2026,REDHILLS,3289.49
06-01-2026,REDHILLS,3287.75
07-01-2026,REDHILLS,3287.09
08-01-2026,REDHILLS,3289.52
09-01-2026,REDHILLS,3287.01
10-01-2026,REDHILLS,3285.55
11-01-2026,REDHILLS,3280.59
12-01-2026,REDHILLS,3278.94
13-01-2026,REDHILLS,3274.22
14-01-2026,REDHILLS,3274.33
15-01-2026,REDHILLS,3269.48
16-01-2026,REDHILLS,3268.37
17-01-2026,REDHILLS,3265.22
18-01-2026,REDHILLS,3267.85
19-01-2026,REDHILLS,3264.6
20-01-2026,REDHILLS,3252.73
21-01-2026,REDHILLS,3256.04
22-01-2026,REDHILLS,3248.51
23-01-2026,REDHILLS,3242.24
24-01-2026,REDHILLS,3236.26
25-01-2026,REDHILLS,3240.14
26-01-2026,REDHILLS,3226.46
27-01-2026,REDHILLS,3239.15
28-01-2026,REDHILLS,3241.43
29-01-2026,REDHILLS,3239.54
30-01-2026,REDHILLS,3236.27
31-01-2026,REDHILLS,3234.7
01-02-2026,REDHILLS,3234.3
02-02-2026,REDHILLS,3234.53
03-02-2026,REDHILLS,3234.31
04-02-2026,REDHILLS,3231.75
05-02-2026,REDHILLS,3227.77
06-02-2026,REDHILLS,3224.01
07-02-2026,REDHILLS,3220.04
08-02-2026,REDHILLS,3222.7
09-02-2026,REDHILLS,3222.67
10-02-2026,REDHILLS,3204.97
11-02-2026,REDHILLS,3205.25
12-02-2026,REDHILLS,3203.22
13-02-2026,REDHILLS,3200.13
14-02-2026,REDHILLS,3195.19
15-02-2026,REDHILLS,3197.81
16-02-2026,REDHILLS,3199.55
17-02-2026,REDHILLS,3192.68
18-02-2026,REDHILLS,3191.72
19-02-2026,REDHILLS,3183.86
20-02-2026,REDHILLS,3173.96
21-02-2026,REDHILLS,3167.83
22-02-2026,REDHILLS,3169.14
23-02-2026,REDHILLS,3170.9
24-02-2026,REDHILLS,3170.47
25-02-2026,REDHILLS,3171.1
26-02-2026,REDHILLS,3170.68
27-02-2026,REDHILLS,3164.47
28-02-2026,REDHILLS,3163.63
01-03-2026,REDHILLS,3164.63
02-03-2026,REDHILLS,3165.4
03-03-2026,REDHILLS,3168.35
04-03-2026,REDHILLS,3168.89
05-03-2026,REDHILLS,3167.65
06-03-2026,REDHILLS,3170.0
07-03-2026,REDHILLS,3166.86
08-03-2026,REDHILLS,3159.45
09-03-2026,REDHILLS,3155.64
10-03-2026,REDHILLS,3148.91
11-03-2026,REDHILLS,3142.54
12-03-2026,REDHILLS,3138.82
13-03-2026,REDHILLS,3131.85
14-03-2026,REDHILLS,3127.31
15-03-2026,REDHILLS,3114.85
16-03-2026,REDHILLS,3112.91
17-03-2026,REDHILLS,3109.92
18-03-2026,REDHILLS,3102.83
19-03-2026,REDHILLS,3103.13
20-03-2026,REDHILLS,3104.82
21-03-2026,REDHILLS,3093.78
22-03-2026,REDHILLS,3086.97
23-03-2026,REDHILLS,3080.12
24-03-2026,REDHILLS,3072.42
25-03-2026,REDHILLS,3073.57
26-03-2026,REDHILLS,3069.6
27-03-2026,REDHILLS,3065.28
28-03-2026,REDHILLS,3052.26
29-03-2026,REDHILLS,3052.43
30-03-2026,REDHILLS,3043.24
31-03-2026,REDHILLS,3040.54
01-04-2026,REDHILLS,3038.92
02-04-2026,REDHILLS,3042.73
03-04-2026,REDHILLS,3033.18
04-04-2026,REDHILLS,3015.09
05-04-2026,REDHILLS,3013.0
06-04-2026,REDHILLS,3019.01
07-04-2026,REDHILLS,3022.2
08-04-2026,REDHILLS,3020.25
09-04-2026,REDHILLS,3014.79
10-04-2026,REDHILLS,3015.83
11-04-2026,REDHILLS,3007.96
12-04-2026,REDHILLS,3007.34
13-04-2026,REDHILLS,3006.87
14-04-2026,REDHILLS,3009.17
15-04-2026,REDHILLS,3019.97
16-04-2026,REDHILLS,3018.93
17-04-2026,REDHILLS,3013.39
18-04-2026,REDHILLS,3010.26
19-04-2026,REDHILLS,2998.41
20-04-2026,REDHILLS,2991.94
21-04-2026,REDHILLS,2986.89
22-04-2026,REDHILLS,2981.27
23-04-2026,REDHILLS,2979.03
24-04-2026,REDHILLS,2971.92
25-04-2026,REDHILLS,2974.53
26-04-2026,REDHILLS,2971.53
27-04-2026,REDHILLS,2968.48
28-04-2026,REDHILLS,2963.84
29-04-2026,REDHILLS,2961.62
30-04-2026,REDHILLS,2962.74
01-05-2026,REDHILLS,2955.41
02-05-2026,REDHILLS,2949.12
03-05-2026,REDHILLS,2944.6
04-05-2026,REDHILLS,2934.87
05-05-2026,REDHILLS,2927.77
06-05-2026,REDHILLS,2922.39
07-05-2026,REDHILLS,2923.76
08-05-2026,REDHILLS,2922.08
09-05-2026,REDHILLS,2920.04
10-05-2026,REDHILLS,2921.3
11-05-2026,REDHILLS,2917.61
12-05-2026,REDHILLS,2916.56
13-05-2026,REDHILLS,2913.05
14-05-2026,REDHILLS,2911.38
15-05-2026,REDHILLS,2905.46
16-05-2026,REDHILLS,2890.27
17-05-2026,REDHILLS,2886.6
18-05-2026,REDHILLS,2890.71
19-05-2026,REDHILLS,2892.34
20-05-2026,REDHILLS,2894.17
21-05-2026,REDHILLS,2897.35
22-05-2026,REDHILLS,2894.79
23-05-2026,REDHILLS,2892.78
24-05-2026,REDHILLS,2886.69
25-05-2026,REDHILLS,2882.11
26-05-2026,REDHILLS,2882.19
27-05-2026,REDHILLS,2885.21
28-05-2026,REDHILLS,2881.51
29-05-2026,REDHILLS,2876.26
30-05-2026,REDHILLS,2873.26
31-05-2026,REDHILLS,2873.27
01-06-2026,REDHILLS,2863.05
02-06-2026,REDHILLS,2848.57
03-06-2026,REDHILLS,2842.82
04-06-2026,REDHILLS,2833.71
05-06-2026,REDHILLS,2828.17
06-06-2026,REDHILLS,2824.43
07-06-2026,REDHILLS,2819.17
08-06-2026,REDHILLS,2823.43
09-06-2026,REDHILLS,2822.06
10-06-2026,REDHILLS,2820.56
11-06-2026,REDHILLS,2820.68
12-06-2026,REDHILLS,2811.98
13-06-2026,REDHILLS,2814.18
14-06-2026,REDHILLS,2810.8
15-06-2026,REDHILLS,2811.15
16-06-2026,REDHILLS,2802.79
17-06-2026,REDHILLS,2792.02
18-06-2026,REDHILLS,2793.11
19-06-2026,REDHILLS,2791.99
20-06-2026,REDHILLS,2784.48
21-06-2026,REDHILLS,2777.14
22-06-2026,REDHILLS,2779.76
23-06-2026,REDHILLS,2770.82
24-06-2026,REDHILLS,2776.03
25-06-2026,REDHILLS,2768.53
26-06-2026,REDHILLS,2768.72
27-06-2026,REDHILLS,2764.07
28-06-2026,REDHILLS,2764.09
29-06-2026,REDHILLS,2758.37
30-06-2026,REDHILLS,2754.56
01-07-2026,REDHILLS,2751.76
02-07-2026,REDHILLS,2743.75
03-07-2026,REDHILLS,2744.45
04-07-2026,REDHILLS,2738.89
05-07-2026,REDHILLS,2734.74
06-07-2026,REDHILLS,2726.77
07-07-2026,REDHILLS,2710.96
08-07-2026,REDHILLS,2707.01
09-07-2026,REDHILLS,2716.07
10-07-2026,REDHILLS,2716.99
11-07-2026,REDHILLS,2713.9
12-07-2026,REDHILLS,2709.58
13-07-2026,REDHILLS,2706.69
14-07-2026,REDHILLS,2706.43
15-07-2026,REDHILLS,2697.53
16-07-2026,REDHILLS,2700.1
17-07-2026,REDHILLS,2700.67
18-07-2026,REDHILLS,2701.27
19-07-2026,REDHILLS,2700.46
20-07-2026,REDHILLS,2697.56
21-07-2026,REDHILLS,2697.92
22-07-2026,REDHILLS,2697.88
23-07-2026,REDHILLS,2693.11
24-07-2026,REDHILLS,2687.24
25-07-2026,REDHILLS,2684.75
26-07-2026,REDHILLS,2689.5
27-07-2026,REDHILLS,2680.3
28-07-2026,REDHILLS,2669.96
29-07-2026,REDHILLS,2667.79
30-07-2026,REDHILLS,2665.04
31-07-2026,REDHILLS,2662.91
01-08-2026,REDHILLS,2661.13
02-08-2026,REDHILLS,2657.01
03-08-2026,REDHILLS,2661.46
04-08-2026,REDHILLS,2650.46
05-08-2026,REDHILLS,2643.31
06-08-2026,REDHILLS,2639.8
07-08-2026,REDHILLS,2628.58
08-08-2026,REDHILLS,2624.7
09-08-2026,REDHILLS,2630.01
10-08-2026,REDHILLS,2627.11
11-08-2026,REDHILLS,2625.27
12-08-2026,REDHILLS,2615.97
13-08-2026,REDHILLS,2609.88
14-08-2026,REDHILLS,2605.01
15-08-2026,REDHILLS,2600.42
16-08-2026,REDHILLS,2603.83
17-08-2026,REDHILLS,2603.62
18-08-2026,REDHILLS,2595.06
19-08-2026,REDHILLS,2593.29
20-08-2026,REDHILLS,2592.78
21-08-2026,REDHILLS,2595.48
22-08-2026,REDHILLS,2600.39
23-08-2026,REDHILLS,2592.31
24-08-2026,REDHILLS,2585.26
25-08-2026,REDHILLS,2575.97
26-08-2026,REDHILLS,2571.8
27-08-2026,REDHILLS,2571.13
28-08-2026,REDHILLS,2573.07
29-08-2026,REDHILLS,2569.69
30-08-2026,REDHILLS,2565.09
31-08-2026,REDHILLS,2562.85
01-09-2026,REDHILLS,2555.67
02-09-2026,REDHILLS,2563.12
03-09-2026,REDHILLS,2552.08
04-09-2026,REDHILLS,2550.0
05-09-2026,REDHILLS,2557.12
06-09-2026,REDHILLS,2554.16
07-09-2026,REDHILLS,2550.21
08-09-2026,REDHILLS,2545.42
09-09-2026,REDHILLS,2541.52
10-09-2026,REDHILLS,2545.38
11-09-2026,REDHILLS,2531.32
12-09-2026,REDHILLS,2535.99
13-09-2026,REDHILLS,2525.87
14-09-2026,REDHILLS,2521.54
15-09-2026,REDHILLS,2516.39
16-09-2026,REDHILLS,2516.33
17-09-2024,CHEMBARAMBAKKAM,2176.01
18-09-2024,CHEMBARAMBAKKAM,2175.32
19-09-2024,CHEMBARAMBAKKAM,2182.44
20-09-2024,CHEMBARAMBAKKAM,2172.63
21-09-2024,CHEMBARAMBAKKAM,2170.57
22-09-2024,CHEMBARAMBAKKAM,2164.26
23-09-2024,CHEMBARAMBAKKAM,2163.39
24-09-2024,CHEMBARAMBAKKAM,2160.49
25-09-2024,CHEMBARAMBAKKAM,2154.28
26-09-2024,CHEMBARAMBAKKAM,2153.72
27-09-2024,CHEMBARAMBAKKAM,2159.74
28-09-2024,CHEMBARAMBAKKAM,2155.79
29-09-2024,CHEMBARAMBAKKAM,2156.39
30-09-2024,CHEMBARAMBAKKAM,2146.92
01-10-2024,CHEMBARAMBAKKAM,2157.14
02-10-2024,CHEMBARAMBAKKAM,2174.5
03-10-2024,CHEMBARAMBAKKAM,2196.92
04-10-2024,CHEMBARAMBAKKAM,2213.7
05-10-2024,CHEMBARAMBAKKAM,2227.13
06-10-2024,CHEMBARAMBAKKAM,2242.13
07-10-2024,CHEMBARAMBAKKAM,2250.88
08-10-2024,CHEMBARAMBAKKAM,2268.9
09-10-2024,CHEMBARAMBAKKAM,2288.31
10-10-2024,CHEMBARAMBAKKAM,2301.05
11-10-2024,CHEMBARAMBAKKAM,2313.7
12-10-2024,CHEMBARAMBAKKAM,2330.03
13-10-2024,CHEMBARAMBAKKAM,2342.85
14-10-2024,CHEMBARAMBAKKAM,2357.52
15-10-2024,CHEMBARAMBAKKAM,2383.02
16-10-2024,CHEMBARAMBAKKAM,2396.78
17-10-2024,CHEMBARAMBAKKAM,2409.99
18-10-2024,CHEMBARAMBAKKAM,2421.75
19-10-2024,CHEMBARAMBAKKAM,2440.47
20-10-2024,CHEMBARAMBAKKAM,2454.57
21-10-2024,CHEMBARAMBAKKAM,2466.32
22-10-2024,CHEMBARAMBAKKAM,2487.93
23-10-2024,CHEMBARAMBAKKAM,2510.02
24-10-2024,CHEMBARAMBAKKAM,2522.02
25-10-2024,CHEMBARAMBAKKAM,2527.69
26-10-2024,CHEMBARAMBAKKAM,2547.73
27-10-2024,CHEMBARAMBAKKAM,2559.3
28-10-2024,CHEMBARAMBAKKAM,2578.26
29-10-2024,CHEMBARAMBAKKAM,2583.41
30-10-2024,CHEMBARAMBAKKAM,2602.87
31-10-2024,CHEMBARAMBAKKAM,2611.81
01-11-2024,CHEMBARAMBAKKAM,2630.47
02-11-2024,CHEMBARAMBAKKAM,2645.54
03-11-2024,CHEMBARAMBAKKAM,2655.77
04-11-2024,CHEMBARAMBAKKAM,2668.73
05-11-2024,CHEMBARAMBAKKAM,2687.17
06-11-2024,CHEMBARAMBAKKAM,2702.69
07-11-2024,CHEMBARAMBAKKAM,2720.62
08-11-2024,CHEMBARAMBAKKAM,2745.5
09-11-2024,CHEMBARAMBAKKAM,2752.68
10-11-2024,CHEMBARAMBAKKAM,2775.76
11-11-2024,CHEMBARAMBAKKAM,2791.29
12-11-2024,CHEMBARAMBAKKAM,2801.79
13-11-2024,CHEMBARAMBAKKAM,2810.14
14-11-2024,CHEMBARAMBAKKAM,2824.19
15-11-2024,CHEMBARAMBAKKAM,2843.8
16-11-2024,CHEMBARAMBAKKAM,2858.17
17-11-2024,CHEMBARAMBAKKAM,2880.72
18-11-2024,CHEMBARAMBAKKAM,2888.47
19-11-2024,CHEMBARAMBAKKAM,2903.4
20-11-2024,CHEMBARAMBAKKAM,2912.14
21-11-2024,CHEMBARAMBAKKAM,2928.96
22-11-2024,CHEMBARAMBAKKAM,2948.4
23-11-2024,CHEMBARAMBAKKAM,2961.29
24-11-2024,CHEMBARAMBAKKAM,2963.27
25-11-2024,CHEMBARAMBAKKAM,2979.27
26-11-2024,CHEMBARAMBAKKAM,2996.45
27-11-2024,CHEMBARAMBAKKAM,3013.47
28-11-2024,CHEMBARAMBAKKAM,3034.65
29-11-2024,CHEMBARAMBAKKAM,3044.29
30-11-2024,CHEMBARAMBAKKAM,3062.7
01-12-2024,CHEMBARAMBAKKAM,3083.66
02-12-2024,CHEMBARAMBAKKAM,3089.76
03-12-2024,CHEMBARAMBAKKAM,3106.36
04-12-2024,CHEMBARAMBAKKAM,3118.84
05-12-2024,CHEMBARAMBAKKAM,3133.43
06-12-2024,CHEMBARAMBAKKAM,3150.17
07-12-2024,CHEMBARAMBAKKAM,3162.74
08-12-2024,CHEMBARAMBAKKAM,3174.36
09-12-2024,CHEMBARAMBAKKAM,3189.53
10-12-2024,CHEMBARAMBAKKAM,3199.09
11-12-2024,CHEMBARAMBAKKAM,3208.66
12-12-2024,CHEMBARAMBAKKAM,3227.06
13-12-2024,CHEMBARAMBAKKAM,3236.32
14-12-2024,CHEMBARAMBAKKAM,3254.65
15-12-2024,CHEMBARAMBAKKAM,3271.96
16-12-2024,CHEMBARAMBAKKAM,3278.33
17-12-2024,CHEMBARAMBAKKAM,3289.94
18-12-2024,CHEMBARAMBAKKAM,3310.91
19-12-2024,CHEMBARAMBAKKAM,3321.01
20-12-2024,CHEMBARAMBAKKAM,3333.69
21-12-2024,CHEMBARAMBAKKAM,3351.0
22-12-2024,CHEMBARAMBAKKAM,3369.91
23-12-2024,CHEMBARAMBAKKAM,3383.66
24-12-2024,CHEMBARAMBAKKAM,3395.67
25-12-2024,CHEMBARAMBAKKAM,3417.78
26-12-2024,CHEMBARAMBAKKAM,3441.48
27-12-2024,CHEMBARAMBAKKAM,3461.37
28-12-2024,CHEMBARAMBAKKAM,3476.8
29-12-2024,CHEMBARAMBAKKAM,3487.75
30-12-2024,CHEMBARAMBAKKAM,3498.6
31-12-2024,CHEMBARAMBAKKAM,3516.22
01-01-2025,CHEMBARAMBAKKAM,3515.31
02-01-2025,CHEMBARAMBAKKAM,3519.32
03-01-2025,CHEMBARAMBAKKAM,3519.57
04-01-2025,CHEMBARAMBAKKAM,3509.05
05-01-2025,CHEMBARAMBAKKAM,3511.31
06-01-2025,CHEMBARAMBAKKAM,3503.32
07-01-2025,CHEMBARAMBAKKAM,3498.4
08-01-2025,CHEMBARAMBAKKAM,3496.65
09-01-2025,CHEMBARAMBAKKAM,3503.63
10-01-2025,CHEMBARAMBAKKAM,3516.18
11-01-2025,CHEMBARAMBAKKAM,3516.21
12-01-2025,CHEMBARAMBAKKAM,3512.3
13-01-2025,CHEMBARAMBAKKAM,3511.97
14-01-2025,CHEMBARAMBAKKAM,3513.41
15-01-2025,CHEMBARAMBAKKAM,3508.81
16-01-2025,CHEMBARAMBAKKAM,3514.78
17-01-2025,CHEMBARAMBAKKAM,3512.93
18-01-2025,CHEMBARAMBAKKAM,3512.42
19-01-2025,CHEMBARAMBAKKAM,3512.75
20-01-2025,CHEMBARAMBAKKAM,3511.86
21-01-2025,CHEMBARAMBAKKAM,3513.05
22-01-2025,CHEMBARAMBAKKAM,3506.97
23-01-2025,CHEMBARAMBAKKAM,3501.18
24-01-2025,CHEMBARAMBAKKAM,3492.67
25-01-2025,CHEMBARAMBAKKAM,3491.87
26-01-2025,CHEMBARAMBAKKAM,3492.77
27-01-2025,CHEMBARAMBAKKAM,3492.06
28-01-2025,CHEMBARAMBAKKAM,3497.43
29-01-2025,CHEMBARAMBAKKAM,3494.4
30-01-2025,CHEMBARAMBAKKAM,3494.74
31-01-2025,CHEMBARAMBAKKAM,3486.29
01-02-2025,CHEMBARAMBAKKAM,3481.35
02-02-2025,CHEMBARAMBAKKAM,3481.83
03-02-2025,CHEMBARAMBAKKAM,3483.07
04-02-2025,CHEMBARAMBAKKAM,3478.6
05-02-2025,CHEMBARAMBAKKAM,3475.24
06-02-2025,CHEMBARAMBAKKAM,3464.66
07-02-2025,CHEMBARAMBAKKAM,3459.87
08-02-2025,CHEMBARAMBAKKAM,3461.32
09-02-2025,CHEMBARAMBAKKAM,3461.2
10-02-2025,CHEMBARAMBAKKAM,3460.7
11-02-2025,CHEMBARAMBAKKAM,3457.95
12-02-2025,CHEMBARAMBAKKAM,3454.99
13-02-2025,CHEMBARAMBAKKAM,3448.68
14-02-2025,CHEMBARAMBAKKAM,3449.18
15-02-2025,CHEMBARAMBAKKAM,3448.28
16-02-2025,CHEMBARAMBAKKAM,3447.74
17-02-2025,CHEMBARAMBAKKAM,3442.11
18-02-2025,CHEMBARAMBAKKAM,3428.35
19-02-2025,CHEMBARAMBAKKAM,3430.83
20-02-2025,CHEMBARAMBAKKAM,3425.44
21-02-2025,CHEMBARAMBAKKAM,3418.12
22-02-2025,CHEMBARAMBAKKAM,3418.59
23-02-2025,CHEMBARAMBAKKAM,3413.63
24-02-2025,CHEMBARAMBAKKAM,3415.93
25-02-2025,CHEMBARAMBAKKAM,3416.02
26-02-2025,CHEMBARAMBAKKAM,3416.43
27-02-2025,CHEMBARAMBAKKAM,3406.6
28-02-2025,CHEMBARAMBAKKAM,3409.66
01-03-2025,CHEMBARAMBAKKAM,3407.97
02-03-2025,CHEMBARAMBAKKAM,3403.12
03-03-2025,CHEMBARAMBAKKAM,3400.84
04-03-2025,CHEMBARAMBAKKAM,3388.96
05-03-2025,CHEMBARAMBAKKAM,3388.0
06-03-2025,CHEMBARAMBAKKAM,3379.86
07-03-2025,CHEMBARAMBAKKAM,3370.09
08-03-2025,CHEMBARAMBAKKAM,3359.48
09-03-2025,CHEMBARAMBAKKAM,3362.04
10-03-2025,CHEMBARAMBAKKAM,3355.9
11-03-2025,CHEMBARAMBAKKAM,3360.57
12-03-2025,CHEMBARAMBAKKAM,3354.89
13-03-2025,CHEMBARAMBAKKAM,3343.35
14-03-2025,CHEMBARAMBAKKAM,3334.77
15-03-2025,CHEMBARAMBAKKAM,3337.95
16-03-2025,CHEMBARAMBAKKAM,3334.17
17-03-2025,CHEMBARAMBAKKAM,3328.43
18-03-2025,CHEMBARAMBAKKAM,3326.23
19-03-2025,CHEMBARAMBAKKAM,3325.74
20-03-2025,CHEMBARAMBAKKAM,3328.32
21-03-2025,CHEMBARAMBAKKAM,3332.56
22-03-2025,CHEMBARAMBAKKAM,3327.77
23-03-2025,CHEMBARAMBAKKAM,3318.14
24-03-2025,CHEMBARAMBAKKAM,3313.07
25-03-2025,CHEMBARAMBAKKAM,3311.37
26-03-2025,CHEMBARAMBAKKAM,3303.55
27-03-2025,CHEMBARAMBAKKAM,3295.77
28-03-2025,CHEMBARAMBAKKAM,3294.48
29-03-2025,CHEMBARAMBAKKAM,3291.24
30-03-2025,CHEMBARAMBAKKAM,3288.4
31-03-2025,CHEMBARAMBAKKAM,3281.61
01-04-2025,CHEMBARAMBAKKAM,3277.46
02-04-2025,CHEMBARAMBAKKAM,3269.84
03-04-2025,CHEMBARAMBAKKAM,3271.29
04-04-2025,CHEMBARAMBAKKAM,3273.47
05-04-2025,CHEMBARAMBAKKAM,3261.24
06-04-2025,CHEMBARAMBAKKAM,3253.59
07-04-2025,CHEMBARAMBAKKAM,3243.11
08-04-2025,CHEMBARAMBAKKAM,3236.86
09-04-2025,CHEMBARAMBAKKAM,3233.44
10-04-2025,CHEMBARAMBAKKAM,3223.19
11-04-2025,CHEMBARAMBAKKAM,3215.58
12-04-2025,CHEMBARAMBAKKAM,3207.56
13-04-2025,CHEMBARAMBAKKAM,3205.6
14-04-2025,CHEMBARAMBAKKAM,3202.94
15-04-2025,CHEMBARAMBAKKAM,3196.34
16-04-2025,CHEMBARAMBAKKAM,3194.22
17-04-2025,CHEMBARAMBAKKAM,3188.49
18-04-2025,CHEMBARAMBAKKAM,3184.13
19-04-2025,CHEMBARAMBAKKAM,3189.49
20-04-2025,CHEMBARAMBAKKAM,3193.2
21-04-2025,CHEMBARAMBAKKAM,3183.7
22-04-2025,CHEMBARAMBAKKAM,3184.85
23-04-2025,CHEMBARAMBAKKAM,3185.9
24-04-2025,CHEMBARAMBAKKAM,3177.16
25-04-2025,CHEMBARAMBAKKAM,3178.26
26-04-2025,CHEMBARAMBAKKAM,3182.95
27-04-2025,CHEMBARAMBAKKAM,3174.33
28-04-2025,CHEMBARAMBAKKAM,3166.75
29-04-2025,CHEMBARAMBAKKAM,3168.84
30-04-2025,CHEMBARAMBAKKAM,3167.19
01-05-2025,CHEMBARAMBAKKAM,3166.95
02-05-2025,CHEMBARAMBAKKAM,3165.65
03-05-2025,CHEMBARAMBAKKAM,3164.61
04-05-2025,CHEMBARAMBAKKAM,3154.97
05-05-2025,CHEMBARAMBAKKAM,3157.21
06-05-2025,CHEMBARAMBAKKAM,3160.06
07-05-2025,CHEMBARAMBAKKAM,3155.91
08-05-2025,CHEMBARAMBAKKAM,3152.69
09-05-2025,CHEMBARAMBAKKAM,3142.04
10-05-2025,CHEMBARAMBAKKAM,3141.61
11-05-2025,CHEMBARAMBAKKAM,3141.47
12-05-2025,CHEMBARAMBAKKAM,3138.16
13-05-2025,CHEMBARAMBAKKAM,3140.78
14-05-2025,CHEMBARAMBAKKAM,3136.11
15-05-2025,CHEMBARAMBAKKAM,3135.93
16-05-2025,CHEMBARAMBAKKAM,3127.84
17-05-2025,CHEMBARAMBAKKAM,3124.72
18-05-2025,CHEMBARAMBAKKAM,3120.85
19-05-2025,CHEMBARAMBAKKAM,3118.97
20-05-2025,CHEMBARAMBAKKAM,3114.12
21-05-2025,CHEMBARAMBAKKAM,3110.47
22-05-2025,CHEMBARAMBAKKAM,3111.6
23-05-2025,CHEMBARAMBAKKAM,3106.41
24-05-2025,CHEMBARAMBAKKAM,3095.38
25-05-2025,CHEMBARAMBAKKAM,3101.13
26-05-2025,CHEMBARAMBAKKAM,3105.04
27-05-2025,CHEMBARAMBAKKAM,3095.57
28-05-2025,CHEMBARAMBAKKAM,3096.02
29-05-2025,CHEMBARAMBAKKAM,3090.51
30-05-2025,CHEMBARAMBAKKAM,3088.83
31-05-2025,CHEMBARAMBAKKAM,3087.3
01-06-2025,CHEMBARAMBAKKAM,3083.13
02-06-2025,CHEMBARAMBAKKAM,3076.21
03-06-2025,CHEMBARAMBAKKAM,3069.75
04-06-2025,CHEMBARAMBAKKAM,3062.17
05-06-2025,CHEMBARAMBAKKAM,3055.01
06-06-2025,CHEMBARAMBAKKAM,3051.68
07-06-2025,CHEMBARAMBAKKAM,3045.1
08-06-2025,CHEMBARAMBAKKAM,3045.51
09-06-2025,CHEMBARAMBAKKAM,3049.95
10-06-2025,CHEMBARAMBAKKAM,3044.05
11-06-2025,CHEMBARAMBAKKAM,3042.24
12-06-2025,CHEMBARAMBAKKAM,3041.74
13-06-2025,CHEMBARAMBAKKAM,3041.1
14-06-2025,CHEMBARAMBAKKAM,3038.48
15-06-2025,CHEMBARAMBAKKAM,3039.19
16-06-2025,CHEMBARAMBAKKAM,3038.6
17-06-2025,CHEMBARAMBAKKAM,3029.42
18-06-2025,CHEMBARAMBAKKAM,3030.76
19-06-2025,CHEMBARAMBAKKAM,3032.2
20-06-2025,CHEMBARAMBAKKAM,3025.38
21-06-2025,CHEMBARAMBAKKAM,3022.57
22-06-2025,CHEMBARAMBAKKAM,3022.99
23-06-2025,CHEMBARAMBAKKAM,3018.94
24-06-2025,CHEMBARAMBAKKAM,3021.31
25-06-2025,CHEMBARAMBAKKAM,3030.13
26-06-2025,CHEMBARAMBAKKAM,3023.2
27-06-2025,CHEMBARAMBAKKAM,3013.29
28-06-2025,CHEMBARAMBAKKAM,3011.81
29-06-2025,CHEMBARAMBAKKAM,3012.42
30-06-2025,CHEMBARAMBAKKAM,3008.26
01-07-2025,CHEMBARAMBAKKAM,3012.53
02-07-2025,CHEMBARAMBAKKAM,3002.84
03-07-2025,CHEMBARAMBAKKAM,3003.3
04-07-2025,CHEMBARAMBAKKAM,2997.27
05-07-2025,CHEMBARAMBAKKAM,3002.87
06-07-2025,CHEMBARAMBAKKAM,3009.83
07-07-2025,CHEMBARAMBAKKAM,3003.0
08-07-2025,CHEMBARAMBAKKAM,2997.25
09-07-2025,CHEMBARAMBAKKAM,2998.55
10-07-2025,CHEMBARAMBAKKAM,2993.61
11-07-2025,CHEMBARAMBAKKAM,2990.39
12-07-2025,CHEMBARAMBAKKAM,2987.51
13-07-2025,CHEMBARAMBAKKAM,2974.91
14-07-2025,CHEMBARAMBAKKAM,2971.85
15-07-2025,CHEMBARAMBAKKAM,2965.4
16-07-2025,CHEMBARAMBAKKAM,2959.93
17-07-2025,CHEMBARAMBAKKAM,2964.15
18-07-2025,CHEMBARAMBAKKAM,2954.87
19-07-2025,CHEMBARAMBAKKAM,2955.93
20-07-2025,CHEMBARAMBAKKAM,2951.54
21-07-2025,CHEMBARAMBAKKAM,2947.14
22-07-2025,CHEMBARAMBAKKAM,2948.09
23-07-2025,CHEMBARAMBAKKAM,2946.79
24-07-2025,CHEMBARAMBAKKAM,2946.64
25-07-2025,CHEMBARAMBAKKAM,2948.49
26-07-2025,CHEMBARAMBAKKAM,2943.83
27-07-2025,CHEMBARAMBAKKAM,2937.77
28-07-2025,CHEMBARAMBAKKAM,2929.34
29-07-2025,CHEMBARAMBAKKAM,2922.21
30-07-2025,CHEMBARAMBAKKAM,2933.96
31-07-2025,CHEMBARAMBAKKAM,2937.18
01-08-2025,CHEMBARAMBAKKAM,2927.43
02-08-2025,CHEMBARAMBAKKAM,2917.82
03-08-2025,CHEMBARAMBAKKAM,2917.23
04-08-2025,CHEMBARAMBAKKAM,2916.96
05-08-2025,CHEMBARAMBAKKAM,2916.71
06-08-2025,CHEMBARAMBAKKAM,2912.43
07-08-2025,CHEMBARAMBAKKAM,2908.8
08-08-2025,CHEMBARAMBAKKAM,2907.44
09-08-2025,CHEMBARAMBAKKAM,2904.87
10-08-2025,CHEMBARAMBAKKAM,2890.78
11-08-2025,CHEMBARAMBAKKAM,2886.63
12-08-2025,CHEMBARAMBAKKAM,2879.37
13-08-2025,CHEMBARAMBAKKAM,2877.25
14-08-2025,CHEMBARAMBAKKAM,2889.17
15-08-2025,CHEMBARAMBAKKAM,2888.01
16-08-2025,CHEMBARAMBAKKAM,2883.44
17-08-2025,CHEMBARAMBAKKAM,2885.05
18-08-2025,CHEMBARAMBAKKAM,2884.46
19-08-2025,CHEMBARAMBAKKAM,2883.57
20-08-2025,CHEMBARAMBAKKAM,2883.6
21-08-2025,CHEMBARAMBAKKAM,2890.88
22-08-2025,CHEMBARAMBAKKAM,2882.23
23-08-2025,CHEMBARAMBAKKAM,2881.6
24-08-2025,CHEMBARAMBAKKAM,2873.96
25-08-2025,CHEMBARAMBAKKAM,2873.74
26-08-2025,CHEMBARAMBAKKAM,2866.15
27-08-2025,CHEMBARAMBAKKAM,2861.06
28-08-2025,CHEMBARAMBAKKAM,2856.59
29-08-2025,CHEMBARAMBAKKAM,2858.47
30-08-2025,CHEMBARAMBAKKAM,2860.06
31-08-2025,CHEMBARAMBAKKAM,2850.83
01-09-2025,CHEMBARAMBAKKAM,2848.1
02-09-2025,CHEMBARAMBAKKAM,2841.56
03-09-2025,CHEMBARAMBAKKAM,2832.26
04-09-2025,CHEMBARAMBAKKAM,2828.18
05-09-2025,CHEMBARAMBAKKAM,2823.64
06-09-2025,CHEMBARAMBAKKAM,2832.77
07-09-2025,CHEMBARAMBAKKAM,2831.93
08-09-2025,CHEMBARAMBAKKAM,2822.05
09-09-2025,CHEMBARAMBAKKAM,2816.22
10-09-2025,CHEMBARAMBAKKAM,2818.33
11-09-2025,CHEMBARAMBAKKAM,2825.77
12-09-2025,CHEMBARAMBAKKAM,2814.84
13-09-2025,CHEMBARAMBAKKAM,2802.44
14-09-2025,CHEMBARAMBAKKAM,2808.8
15-09-2025,CHEMBARAMBAKKAM,2807.74
16-09-2025,CHEMBARAMBAKKAM,2800.4
17-09-2025,CHEMBARAMBAKKAM,2800.08
18-09-2025,CHEMBARAMBAKKAM,2783.9
19-09-2025,CHEMBARAMBAKKAM,2780.91
20-09-2025,CHEMBARAMBAKKAM,2779.55
21-09-2025,CHEMBARAMBAKKAM,2781.17
22-09-2025,CHEMBARAMBAKKAM,2773.11
23-09-2025,CHEMBARAMBAKKAM,2770.53
24-09-2025,CHEMBARAMBAKKAM,2762.91
25-09-2025,CHEMBARAMBAKKAM,2761.18
26-09-2025,CHEMBARAMBAKKAM,2753.71
27-09-2025,CHEMBARAMBAKKAM,2748.67
28-09-2025,CHEMBARAMBAKKAM,2740.69
29-09-2025,CHEMBARAMBAKKAM,2740.94
30-09-2025,CHEMBARAMBAKKAM,2742.24
01-10-2025,CHEMBARAMBAKKAM,2756.06
02-10-2025,CHEMBARAMBAKKAM,2771.25
03-10-2025,CHEMBARAMBAKKAM,2779.01
04-10-2025,CHEMBARAMBAKKAM,2792.51
05-10-2025,CHEMBARAMBAKKAM,2807.26
06-10-2025,CHEMBARAMBAKKAM,2835.36
07-10-2025,CHEMBARAMBAKKAM,2844.8
08-10-2025,CHEMBARAMBAKKAM,2867.13
09-10-2025,CHEMBARAMBAKKAM,2887.11
10-10-2025,CHEMBARAMBAKKAM,2903.51
11-10-2025,CHEMBARAMBAKKAM,2927.31
12-10-2025,CHEMBARAMBAKKAM,2944.17
13-10-2025,CHEMBARAMBAKKAM,2961.11
14-10-2025,CHEMBARAMBAKKAM,2975.85
15-10-2025,CHEMBARAMBAKKAM,2996.96
16-10-2025,CHEMBARAMBAKKAM,3017.45
17-10-2025,CHEMBARAMBAKKAM,3029.32
18-10-2025,CHEMBARAMBAKKAM,3037.72
19-10-2025,CHEMBARAMBAKKAM,3051.71
20-10-2025,CHEMBARAMBAKKAM,3062.71
21-10-2025,CHEMBARAMBAKKAM,3077.39
22-10-2025,CHEMBARAMBAKKAM,3098.58
23-10-2025,CHEMBARAMBAKKAM,3111.29
24-10-2025,CHEMBARAMBAKKAM,3126.08
25-10-2025,CHEMBARAMBAKKAM,3141.37
26-10-2025,CHEMBARAMBAKKAM,3160.61
27-10-2025,CHEMBARAMBAKKAM,3164.37
28-10-2025,CHEMBARAMBAKKAM,3176.34
29-10-2025,CHEMBARAMBAKKAM,3192.4
30-10-2025,CHEMBARAMBAKKAM,3213.4
31-10-2025,CHEMBARAMBAKKAM,3225.94
01-11-2025,CHEMBARAMBAKKAM,3231.56
02-11-2025,CHEMBARAMBAKKAM,3249.65
03-11-2025,CHEMBARAMBAKKAM,3261.48
04-11-2025,CHEMBARAMBAKKAM,3270.53
05-11-2025,CHEMBARAMBAKKAM,3282.41
06-11-2025,CHEMBARAMBAKKAM,3296.48
07-11-2025,CHEMBARAMBAKKAM,3308.46
08-11-2025,CHEMBARAMBAKKAM,3312.43
09-11-2025,CHEMBARAMBAKKAM,3331.92
10-11-2025,CHEMBARAMBAKKAM,3353.29
11-11-2025,CHEMBARAMBAKKAM,3371.55
12-11-2025,CHEMBARAMBAKKAM,3380.86
13-11-2025,CHEMBARAMBAKKAM,3394.85
14-11-2025,CHEMBARAMBAKKAM,3409.82
15-11-2025,CHEMBARAMBAKKAM,3427.82
16-11-2025,CHEMBARAMBAKKAM,3446.16
17-11-2025,CHEMBARAMBAKKAM,3457.49
18-11-2025,CHEMBARAMBAKKAM,3472.9
19-11-2025,CHEMBARAMBAKKAM,3490.18
20-11-2025,CHEMBARAMBAKKAM,3512.46
21-11-2025,CHEMBARAMBAKKAM,3530.98
22-11-2025,CHEMBARAMBAKKAM,3549.93
23-11-2025,CHEMBARAMBAKKAM,3565.35
24-11-2025,CHEMBARAMBAKKAM,3587.4
25-11-2025,CHEMBARAMBAKKAM,3604.45
26-11-2025,CHEMBARAMBAKKAM,3615.14
27-11-2025,CHEMBARAMBAKKAM,3637.16
28-11-2025,CHEMBARAMBAKKAM,3645.0
29-11-2025,CHEMBARAMBAKKAM,3645.0
30-11-2025,CHEMBARAMBAKKAM,3645.0
01-12-2025,CHEMBARAMBAKKAM,3645.0
02-12-2025,CHEMBARAMBAKKAM,3645.0
03-12-2025,CHEMBARAMBAKKAM,3645.0
04-12-2025,CHEMBARAMBAKKAM,3645.0
05-12-2025,CHEMBARAMBAKKAM,3645.0
06-12-2025,CHEMBARAMBAKKAM,3645.0
07-12-2025,CHEMBARAMBAKKAM,3645.0
08-12-2025,CHEMBARAMBAKKAM,3645.0
09-12-2025,CHEMBARAMBAKKAM,3645.0
10-12-2025,CHEMBARAMBAKKAM,3645.0
11-12-2025,CHEMBARAMBAKKAM,3645.0
12-12-2025,CHEMBARAMBAKKAM,3645.0
13-12-2025,CHEMBARAMBAKKAM,3645.0
14-12-2025,CHEMBARAMBAKKAM,3645.0
15-12-2025,CHEMBARAMBAKKAM,3645.0
16-12-2025,CHEMBARAMBAKKAM,3645.0
17-12-2025,CHEMBARAMBAKKAM,3645.0
18-12-2025,CHEMBARAMBAKKAM,3645.0
19-12-2025,CHEMBARAMBAKKAM,3645.0
20-12-2025,CHEMBARAMBAKKAM,3645.0
21-12-2025,CHEMBARAMBAKKAM,3645.0
22-12-2025,CHEMBARAMBAKKAM,3645.0
23-12-2025,CHEMBARAMBAKKAM,3645.0
24-12-2025,CHEMBARAMBAKKAM,3645.0
25-12-2025,CHEMBARAMBAKKAM,3645.0
26-12-2025,CHEMBARAMBAKKAM,3645.0
27-12-2025,CHEMBARAMBAKKAM,3645.0
28-12-2025,CHEMBARAMBAKKAM,3645.0
29-12-2025,CHEMBARAMBAKKAM,3645.0
30-12-2025,CHEMBARAMBAKKAM,3645.0
31-12-2025,CHEMBARAMBAKKAM,3645.0
01-01-2026,CHEMBARAMBAKKAM,3637.52
02-01-2026,CHEMBARAMBAKKAM,3637.51
03-01-2026,CHEMBARAMBAKKAM,3629.77
04-01-2026,CHEMBARAMBAKKAM,3629.09
05-01-2026,CHEMBARAMBAKKAM,3619.25
06-01-2026,CHEMBARAMBAKKAM,3620.49
07-01-2026,CHEMBARAMBAKKAM,3611.33
08-01-2026,CHEMBARAMBAKKAM,3611.09
09-01-2026,CHEMBARAMBAKKAM,3611.22
10-01-2026,CHEMBARAMBAKKAM,3604.73
11-01-2026,CHEMBARAMBAKKAM,3604.64
12-01-2026,CHEMBARAMBAKKAM,3602.95
13-01-2026,CHEMBARAMBAKKAM,3597.25
14-01-2026,CHEMBARAMBAKKAM,3589.21
15-01-2026,CHEMBARAMBAKKAM,3576.4
16-01-2026,CHEMBARAMBAKKAM,3575.14
17-01-2026,CHEMBARAMBAKKAM,3564.32
18-01-2026,CHEMBARAMBAKKAM,3561.8
19-01-2026,CHEMBARAMBAKKAM,3557.48
20-01-2026,CHEMBARAMBAKKAM,3557.88
21-01-2026,CHEMBARAMBAKKAM,3553.36
22-01-2026,CHEMBARAMBAKKAM,3548.72
23-01-2026,CHEMBARAMBAKKAM,3549.38
24-01-2026,CHEMBARAMBAKKAM,3548.05
25-01-2026,CHEMBARAMBAKKAM,3546.63
26-01-2026,CHEMBARAMBAKKAM,3545.98
27-01-2026,CHEMBARAMBAKKAM,3535.3
28-01-2026,CHEMBARAMBAKKAM,3536.09
29-01-2026,CHEMBARAMBAKKAM,3536.15
30-01-2026,CHEMBARAMBAKKAM,3528.06
31-01-2026,CHEMBARAMBAKKAM,3523.84
01-02-2026,CHEMBARAMBAKKAM,3520.65
02-02-2026,CHEMBARAMBAKKAM,3516.97
03-02-2026,CHEMBARAMBAKKAM,3515.64
04-02-2026,CHEMBARAMBAKKAM,3519.8
05-02-2026,CHEMBARAMBAKKAM,3522.21
06-02-2026,CHEMBARAMBAKKAM,3512.65
07-02-2026,CHEMBARAMBAKKAM,3512.76
08-02-2026,CHEMBARAMBAKKAM,3516.4
09-02-2026,CHEMBARAMBAKKAM,3515.34
10-02-2026,CHEMBARAMBAKKAM,3517.79
11-02-2026,CHEMBARAMBAKKAM,3524.85
12-02-2026,CHEMBARAMBAKKAM,3526.97
13-02-2026,CHEMBARAMBAKKAM,3525.22
14-02-2026,CHEMBARAMBAKKAM,3527.44
15-02-2026,CHEMBARAMBAKKAM,3525.17
16-02-2026,CHEMBARAMBAKKAM,3522.29
17-02-2026,CHEMBARAMBAKKAM,3517.53
18-02-2026,CHEMBARAMBAKKAM,3522.35
19-02-2026,CHEMBARAMBAKKAM,3515.26
20-02-2026,CHEMBARAMBAKKAM,3519.92
21-02-2026,CHEMBARAMBAKKAM,3519.42
22-02-2026,CHEMBARAMBAKKAM,3509.42
23-02-2026,CHEMBARAMBAKKAM,3508.26
24-02-2026,CHEMBARAMBAKKAM,3494.76
25-02-2026,CHEMBARAMBAKKAM,3494.89
26-02-2026,CHEMBARAMBAKKAM,3496.31
27-02-2026,CHEMBARAMBAKKAM,3490.35
28-02-2026,CHEMBARAMBAKKAM,3487.97
01-03-2026,CHEMBARAMBAKKAM,3494.74
02-03-2026,CHEMBARAMBAKKAM,3489.21
03-03-2026,CHEMBARAMBAKKAM,3480.92
04-03-2026,CHEMBARAMBAKKAM,3485.32
05-03-2026,CHEMBARAMBAKKAM,3492.14
06-03-2026,CHEMBARAMBAKKAM,3489.16
07-03-2026,CHEMBARAMBAKKAM,3491.21
08-03-2026,CHEMBARAMBAKKAM,3494.92
09-03-2026,CHEMBARAMBAKKAM,3488.21
10-03-2026,CHEMBARAMBAKKAM,3482.78
11-03-2026,CHEMBARAMBAKKAM,3485.94
12-03-2026,CHEMBARAMBAKKAM,3491.36
13-03-2026,CHEMBARAMBAKKAM,3491.18
14-03-2026,CHEMBARAMBAKKAM,3483.78
15-03-2026,CHEMBARAMBAKKAM,3490.71
16-03-2026,CHEMBARAMBAKKAM,3485.06
17-03-2026,CHEMBARAMBAKKAM,3480.38
18-03-2026,CHEMBARAMBAKKAM,3479.09
19-03-2026,CHEMBARAMBAKKAM,3483.86
20-03-2026,CHEMBARAMBAKKAM,3485.13
21-03-2026,CHEMBARAMBAKKAM,3484.21
22-03-2026,CHEMBARAMBAKKAM,3483.52
23-03-2026,CHEMBARAMBAKKAM,3480.74
24-03-2026,CHEMBARAMBAKKAM,3480.53
25-03-2026,CHEMBARAMBAKKAM,3464.89
26-03-2026,CHEMBARAMBAKKAM,3460.4
27-03-2026,CHEMBARAMBAKKAM,3458.61
28-03-2026,CHEMBARAMBAKKAM,3449.85
29-03-2026,CHEMBARAMBAKKAM,3448.79
30-03-2026,CHEMBARAMBAKKAM,3444.76
31-03-2026,CHEMBARAMBAKKAM,3450.54
01-04-2026,CHEMBARAMBAKKAM,3455.41
02-04-2026,CHEMBARAMBAKKAM,3450.08
03-04-2026,CHEMBARAMBAKKAM,3446.32
04-04-2026,CHEMBARAMBAKKAM,3442.95
05-04-2026,CHEMBARAMBAKKAM,3437.69
06-04-2026,CHEMBARAMBAKKAM,3435.67
07-04-2026,CHEMBARAMBAKKAM,3428.88
08-04-2026,CHEMBARAMBAKKAM,3420.22
09-04-2026,CHEMBARAMBAKKAM,3420.34
10-04-2026,CHEMBARAMBAKKAM,3420.49
11-04-2026,CHEMBARAMBAKKAM,3413.46
12-04-2026,CHEMBARAMBAKKAM,3414.94
13-04-2026,CHEMBARAMBAKKAM,3408.78
14-04-2026,CHEMBARAMBAKKAM,3407.05
15-04-2026,CHEMBARAMBAKKAM,3408.15
16-04-2026,CHEMBARAMBAKKAM,3404.98
17-04-2026,CHEMBARAMBAKKAM,3404.26
18-04-2026,CHEMBARAMBAKKAM,3398.67
19-04-2026,CHEMBARAMBAKKAM,3394.69
20-04-2026,CHEMBARAMBAKKAM,3390.66
21-04-2026,CHEMBARAMBAKKAM,3383.93
22-04-2026,CHEMBARAMBAKKAM,3380.05
23-04-2026,CHEMBARAMBAKKAM,3369.3
24-04-2026,CHEMBARAMBAKKAM,3363.85
25-04-2026,CHEMBARAMBAKKAM,3359.42
26-04-2026,CHEMBARAMBAKKAM,3355.14
27-04-2026,CHEMBARAMBAKKAM,3350.93
28-04-2026,CHEMBARAMBAKKAM,3347.63
29-04-2026,CHEMBARAMBAKKAM,3347.02
30-04-2026,CHEMBARAMBAKKAM,3348.4
01-05-2026,CHEMBARAMBAKKAM,3342.15
02-05-2026,CHEMBARAMBAKKAM,3333.13
03-05-2026,CHEMBARAMBAKKAM,3324.92
04-05-2026,CHEMBARAMBAKKAM,3319.48
05-05-2026,CHEMBARAMBAKKAM,3314.72
06-05-2026,CHEMBARAMBAKKAM,3307.87
07-05-2026,CHEMBARAMBAKKAM,3298.39
08-05-2026,CHEMBARAMBAKKAM,3293.11
09-05-2026,CHEMBARAMBAKKAM,3291.02
10-05-2026,CHEMBARAMBAKKAM,3291.0
11-05-2026,CHEMBARAMBAKKAM,3285.21
12-05-2026,CHEMBARAMBAKKAM,3280.14
13-05-2026,CHEMBARAMBAKKAM,3272.51
14-05-2026,CHEMBARAMBAKKAM,3269.35
15-05-2026,CHEMBARAMBAKKAM,3262.11
16-05-2026,CHEMBARAMBAKKAM,3261.98
17-05-2026,CHEMBARAMBAKKAM,3250.05
18-05-2026,CHEMBARAMBAKKAM,3245.25
19-05-2026,CHEMBARAMBAKKAM,3243.75
20-05-2026,CHEMBARAMBAKKAM,3241.67
21-05-2026,CHEMBARAMBAKKAM,3252.14
22-05-2026,CHEMBARAMBAKKAM,3250.89
23-05-2026,CHEMBARAMBAKKAM,3242.87
24-05-2026,CHEMBARAMBAKKAM,3239.39
25-05-2026,CHEMBARAMBAKKAM,3227.51
26-05-2026,CHEMBARAMBAKKAM,3224.11
27-05-2026,CHEMBARAMBAKKAM,3216.94
28-05-2026,CHEMBARAMBAKKAM,3218.52
29-05-2026,CHEMBARAMBAKKAM,3212.77
30-05-2026,CHEMBARAMBAKKAM,3209.19
31-05-2026,CHEMBARAMBAKKAM,3203.01
01-06-2026,CHEMBARAMBAKKAM,3208.7
02-06-2026,CHEMBARAMBAKKAM,3204.1
03-06-2026,CHEMBARAMBAKKAM,3210.26
04-06-2026,CHEMBARAMBAKKAM,3211.33
05-06-2026,CHEMBARAMBAKKAM,3210.74
06-06-2026,CHEMBARAMBAKKAM,3209.58
07-06-2026,CHEMBARAMBAKKAM,3208.55
08-06-2026,CHEMBARAMBAKKAM,3195.91
09-06-2026,CHEMBARAMBAKKAM,3191.52
10-06-2026,CHEMBARAMBAKKAM,3192.75
11-06-2026,CHEMBARAMBAKKAM,3189.5
12-06-2026,CHEMBARAMBAKKAM,3179.48
13-06-2026,CHEMBARAMBAKKAM,3176.21
14-06-2026,CHEMBARAMBAKKAM,3181.73
15-06-2026,CHEMBARAMBAKKAM,3184.97
16-06-2026,CHEMBARAMBAKKAM,3181.66
17-06-2026,CHEMBARAMBAKKAM,3183.42
18-06-2026,CHEMBARAMBAKKAM,3178.58
19-06-2026,CHEMBARAMBAKKAM,3167.06
20-06-2026,CHEMBARAMBAKKAM,3159.44
21-06-2026,CHEMBARAMBAKKAM,3164.26
22-06-2026,CHEMBARAMBAKKAM,3159.89
23-06-2026,CHEMBARAMBAKKAM,3155.67
24-06-2026,CHEMBARAMBAKKAM,3151.17
25-06-2026,CHEMBARAMBAKKAM,3157.69
26-06-2026,CHEMBARAMBAKKAM,3162.82
27-06-2026,CHEMBARAMBAKKAM,3170.91
28-06-2026,CHEMBARAMBAKKAM,3167.12
29-06-2026,CHEMBARAMBAKKAM,3165.6
30-06-2026,CHEMBARAMBAKKAM,3155.01
01-07-2026,CHEMBARAMBAKKAM,3159.4
02-07-2026,CHEMBARAMBAKKAM,3150.56
03-07-2026,CHEMBARAMBAKKAM,3148.64
04-07-2026,CHEMBARAMBAKKAM,3140.16
05-07-2026,CHEMBARAMBAKKAM,3134.21
06-07-2026,CHEMBARAMBAKKAM,3127.03
07-07-2026,CHEMBARAMBAKKAM,3120.99
08-07-2026,CHEMBARAMBAKKAM,3115.29
09-07-2026,CHEMBARAMBAKKAM,3109.55
10-07-2026,CHEMBARAMBAKKAM,3110.72
11-07-2026,CHEMBARAMBAKKAM,3102.19
12-07-2026,CHEMBARAMBAKKAM,3100.3
13-07-2026,CHEMBARAMBAKKAM,3103.38
14-07-2026,CHEMBARAMBAKKAM,3097.82
15-07-2026,CHEMBARAMBAKKAM,3091.23
16-07-2026,CHEMBARAMBAKKAM,3087.08
17-07-2026,CHEMBARAMBAKKAM,3089.98
18-07-2026,CHEMBARAMBAKKAM,3087.95
19-07-2026,CHEMBARAMBAKKAM,3082.29
20-07-2026,CHEMBARAMBAKKAM,3081.71
21-07-2026,CHEMBARAMBAKKAM,3073.2
22-07-2026,CHEMBARAMBAKKAM,3073.6
23-07-2026,CHEMBARAMBAKKAM,3072.65
24-07-2026,CHEMBARAMBAKKAM,3068.11
25-07-2026,CHEMBARAMBAKKAM,3060.92
26-07-2026,CHEMBARAMBAKKAM,3053.48
27-07-2026,CHEMBARAMBAKKAM,3053.16
28-07-2026,CHEMBARAMBAKKAM,3056.3
29-07-2026,CHEMBARAMBAKKAM,3050.11
30-07-2026,CHEMBARAMBAKKAM,3049.41
31-07-2026,CHEMBARAMBAKKAM,3035.97
01-08-2026,CHEMBARAMBAKKAM,3030.05
02-08-2026,CHEMBARAMBAKKAM,3026.89
03-08-2026,CHEMBARAMBAKKAM,3019.34
04-08-2026,CHEMBARAMBAKKAM,3011.66
05-08-2026,CHEMBARAMBAKKAM,3005.32
06-08-2026,CHEMBARAMBAKKAM,3003.78
07-08-2026,CHEMBARAMBAKKAM,2999.85
08-08-2026,CHEMBARAMBAKKAM,2985.66
09-08-2026,CHEMBARAMBAKKAM,2972.05
10-08-2026,CHEMBARAMBAKKAM,2966.02
11-08-2026,CHEMBARAMBAKKAM,2965.31
12-08-2026,CHEMBARAMBAKKAM,2948.57
13-08-2026,CHEMBARAMBAKKAM,2943.07
14-08-2026,CHEMBARAMBAKKAM,2937.44
15-08-2026,CHEMBARAMBAKKAM,2941.38
16-08-2026,CHEMBARAMBAKKAM,2936.46
17-08-2026,CHEMBARAMBAKKAM,2935.37
18-08-2026,CHEMBARAMBAKKAM,2933.08
19-08-2026,CHEMBARAMBAKKAM,2919.42
20-08-2026,CHEMBARAMBAKKAM,2920.27
21-08-2026,CHEMBARAMBAKKAM,2918.34
22-08-2026,CHEMBARAMBAKKAM,2917.88
23-08-2026,CHEMBARAMBAKKAM,2934.51
24-08-2026,CHEMBARAMBAKKAM,2921.09
25-08-2026,CHEMBARAMBAKKAM,2926.72
26-08-2026,CHEMBARAMBAKKAM,2922.28
27-08-2026,CHEMBARAMBAKKAM,2920.72
28-08-2026,CHEMBARAMBAKKAM,2917.49
29-08-2026,CHEMBARAMBAKKAM,2912.37
30-08-2026,CHEMBARAMBAKKAM,2906.52
31-08-2026,CHEMBARAMBAKKAM,2905.17
01-09-2026,CHEMBARAMBAKKAM,2894.58
02-09-2026,CHEMBARAMBAKKAM,2895.33
03-09-2026,CHEMBARAMBAKKAM,2890.25
04-09-2026,CHEMBARAMBAKKAM,2881.6
05-09-2026,CHEMBARAMBAKKAM,2876.35
06-09-2026,CHEMBARAMBAKKAM,2879.64
07-09-2026,CHEMBARAMBAKKAM,2873.96
08-09-2026,CHEMBARAMBAKKAM,2872.75
09-09-2026,CHEMBARAMBAKKAM,2866.1
10-09-2026,CHEMBARAMBAKKAM,2866.89
11-09-2026,CHEMBARAMBAKKAM,2867.32
12-09-2026,CHEMBARAMBAKKAM,2873.56
13-09-2026,CHEMBARAMBAKKAM,2869.68
14-09-2026,CHEMBARAMBAKKAM,2870.02
15-09-2026,CHEMBARAMBAKKAM,2867.52
16-09-2026,CHEMBARAMBAKKAM,2870.99
